item,label,p_yes
1,Yes,0.8878654837608337
2,Yes,0.9928749799728394
3,Yes,0.9946548938751221
4,Yes,0.9995119571685791
5,Yes,0.9982005953788757
6,Yes,0.9992495775222778
7,Yes,0.9984500408172607
8,Yes,0.9993836879730225
9,Yes,0.999937891960144
10,Yes,0.999942421913147
11,Yes,0.9999063611030579
12,Yes,0.9999063611030579
13,Yes,0.9998364448547363
14,Yes,0.9998788237571716
15,Yes,0.9997788667678833
16,Yes,0.9998283386230469
17,Yes,0.9998499155044556
18,Yes,0.9998792409896851
19,Yes,0.9999179840087891
20,Yes,0.9999430775642395
21,No,0.2655019462108612
22,No,0.37799471616744995
23,Yes,0.9326488375663757
24,Yes,0.8387623429298401
25,Yes,0.999885618686676
26,Yes,0.9998766779899597
27,Yes,0.9998196959495544
28,Yes,0.9998618960380554
29,Yes,0.9943029284477234
30,Yes,0.9967331886291504
31,Yes,0.996483564376831
32,Yes,0.9976905584335327
33,Yes,0.9997479319572449
34,Yes,0.9998837113380432
35,Yes,0.9997784495353699
36,Yes,0.9998990297317505
37,Yes,0.9997397661209106
38,Yes,0.9998694062232971
39,Yes,0.9999247789382935
40,Yes,0.9998947978019714
41,Yes,0.9993478059768677
42,Yes,0.9997892379760742
43,Yes,0.9998369812965393
44,Yes,0.9998647570610046
45,Yes,0.9997244477272034
46,Yes,0.9997729063034058
47,Yes,0.9997735619544983
48,Yes,0.9998133182525635
49,Yes,0.9997557997703552
50,Yes,0.9997933506965637
51,Yes,0.9997684955596924
52,Yes,0.9998384714126587
53,Yes,0.9995919466018677
54,Yes,0.9995625019073486
55,Yes,0.9996196627616882
56,Yes,0.9969567060470581
57,Yes,0.999811053276062
58,Yes,0.9999040961265564
59,Yes,0.9998635649681091
60,Yes,0.9999136328697205
61,Yes,0.9997790455818176
62,Yes,0.9996966123580933
63,Yes,0.9996945261955261
64,Yes,0.9996092319488525
65,Yes,0.9926130175590515
66,Yes,0.9945913553237915
67,Yes,0.9970542788505554
68,Yes,0.9988028407096863
69,Yes,0.9924658536911011
70,Yes,0.9965709447860718
71,Yes,0.9994560480117798
72,Yes,0.9997148513793945
73,Yes,0.9987099170684814
74,Yes,0.9982403516769409
75,Yes,0.9996141195297241
76,Yes,0.9998499751091003
77,Yes,0.9997237324714661
78,Yes,0.9998666644096375
79,Yes,0.999881386756897
80,Yes,0.9999364614486694
81,Yes,0.8449362516403198
82,Yes,0.8022803664207458
83,Yes,0.8911363482475281
84,Yes,0.8246448636054993
85,Yes,0.999535858631134
86,Yes,0.9998058080673218
87,Yes,0.999707818031311
88,Yes,0.9997877478599548
89,No,0.19516578316688538
90,No,0.4891209006309509
91,Yes,0.8177466988563538
92,No,0.4051283895969391
93,Yes,0.9996634125709534
94,Yes,0.9995045065879822
95,Yes,0.9998160004615784
96,Yes,0.9998170733451843
97,Yes,0.9988871216773987
98,Yes,0.9958018064498901
99,Yes,0.9997811317443848
100,Yes,0.9998014569282532
101,Yes,0.9993385076522827
102,Yes,0.9962054491043091
103,Yes,0.9983172416687012
104,Yes,0.9994709491729736
105,Yes,0.9996002912521362
106,Yes,0.9997590780258179
107,Yes,0.7999072074890137
108,Yes,0.9588016271591187
109,Yes,0.9922440648078918
110,Yes,0.9994676113128662
111,Yes,0.9955253005027771
112,Yes,0.999470055103302
113,Yes,0.7212018370628357
114,Yes,0.9891418218612671
115,Yes,0.9410689473152161
116,Yes,0.9880435466766357
117,No,0.02827448397874832
118,No,0.012811961583793163
119,No,0.11727255582809448
120,No,0.05859621986746788
121,No,0.10961231589317322
122,No,0.15841232240200043
123,No,0.4181467592716217
124,No,0.3099641799926758
125,No,0.016736170276999474
126,No,0.3176185190677643
127,No,0.1523268073797226
128,Yes,0.8230301737785339
129,No,0.014976453967392445
130,Yes,0.9095655679702759
131,No,0.07165243476629257
132,Yes,0.7349604368209839
133,Yes,0.5025463700294495
134,Yes,0.926863431930542
135,No,0.17613142728805542
136,Yes,0.9969953894615173
137,No,0.22434133291244507
138,Yes,0.9990295767784119
139,No,0.016006432473659515
140,Yes,0.9995837211608887
141,Yes,0.9424766898155212
142,Yes,0.9416273236274719
143,Yes,0.9681715965270996
144,Yes,0.9034725427627563
145,Yes,0.9997652173042297
146,Yes,0.9996638894081116
147,Yes,0.9996592998504639
148,Yes,0.9995949864387512
149,Yes,0.9998906254768372
150,Yes,0.9999037981033325
151,Yes,0.999837338924408
152,Yes,0.9998528361320496
153,Yes,0.9980098009109497
154,Yes,0.9984301328659058
155,Yes,0.9989801049232483
156,Yes,0.9985607862472534
157,Yes,0.999696671962738
158,Yes,0.9997433423995972
159,Yes,0.9998664855957031
160,Yes,0.9998931884765625
161,No,0.029784249141812325
162,No,0.004734580870717764
163,No,0.015326342545449734
164,No,0.016953883692622185
165,Yes,0.9974385499954224
166,Yes,0.9904335141181946
167,Yes,0.9995797276496887
168,Yes,0.9996354579925537
169,Yes,0.9989734888076782
170,Yes,0.999527096748352
171,Yes,0.9998757243156433
172,Yes,0.9998525977134705
173,Yes,0.9995642900466919
174,Yes,0.9996097683906555
175,Yes,0.9996803402900696
176,Yes,0.999772846698761
177,Yes,0.9999433159828186
178,Yes,0.9999409914016724
179,Yes,0.9999232292175293
180,Yes,0.9999215006828308
181,Yes,0.9997471570968628
182,Yes,0.9998236298561096
183,Yes,0.9998064637184143
184,Yes,0.9997978210449219
185,Yes,0.9997162222862244
186,Yes,0.9998804926872253
187,Yes,0.9998699426651001
188,Yes,0.999933660030365
189,Yes,0.9944592714309692
190,Yes,0.9962669014930725
191,Yes,0.9975230693817139
192,Yes,0.9961029291152954
193,Yes,0.9989983439445496
194,Yes,0.9995771646499634
195,Yes,0.999754011631012
196,Yes,0.9998053908348083
197,Yes,0.9566903114318848
198,Yes,0.9966120719909668
199,Yes,0.9994845390319824
200,Yes,0.9995805025100708
201,Yes,0.9752891659736633
202,Yes,0.9900054931640625
203,Yes,0.9983898997306824
204,Yes,0.998866856098175
205,Yes,0.9996435642242432
206,Yes,0.9998024702072144
207,Yes,0.9997268319129944
208,Yes,0.9998011589050293
209,Yes,0.9825965762138367
210,Yes,0.995277464389801
211,Yes,0.9994164109230042
212,Yes,0.9996969699859619
213,Yes,0.9992787837982178
214,Yes,0.9996051788330078
215,Yes,0.9997413158416748
216,Yes,0.9997180104255676
217,No,0.24854639172554016
218,Yes,0.7345108389854431
219,Yes,0.604828953742981
220,Yes,0.9422439932823181
221,No,0.06868399679660797
222,No,0.03237564489245415
223,No,0.06261831521987915
224,No,0.29892680048942566
225,Yes,0.9048766493797302
226,No,0.4242708086967468
227,Yes,0.9211845993995667
228,No,0.4438841640949249
229,Yes,0.9998189806938171
230,Yes,0.9997753500938416
231,Yes,0.999811053276062
232,Yes,0.9998427033424377
233,Yes,0.9997374415397644
234,Yes,0.9998521208763123
235,Yes,0.9998235106468201
236,Yes,0.9998681545257568
237,Yes,0.999792754650116
238,Yes,0.9999204277992249
239,Yes,0.9998422265052795
240,Yes,0.9998816847801208
241,Yes,0.8343120813369751
242,Yes,0.9018086791038513
243,Yes,0.9056422114372253
244,Yes,0.9935500025749207
245,Yes,0.9994124174118042
246,Yes,0.9991945028305054
247,Yes,0.9997941255569458
248,Yes,0.9998000860214233
249,Yes,0.9707021713256836
250,Yes,0.9956470131874084
251,Yes,0.9967567324638367
252,Yes,0.9965811371803284
253,Yes,0.9996340870857239
254,Yes,0.9997349381446838
255,Yes,0.9996840953826904
256,Yes,0.9998213648796082
257,Yes,0.9998220205307007
258,Yes,0.9994063377380371
259,Yes,0.9998966455459595
260,Yes,0.999906063079834
261,Yes,0.9997928142547607
262,Yes,0.9997965693473816
263,Yes,0.9998773336410522
264,Yes,0.9998976588249207
265,Yes,0.9996004104614258
266,Yes,0.9990640878677368
267,Yes,0.9998405575752258
268,Yes,0.9998213052749634
269,Yes,0.9991467595100403
270,Yes,0.9978117942810059
271,Yes,0.9998428821563721
272,Yes,0.9998558759689331
273,Yes,0.9998602867126465
274,Yes,0.9999169707298279
275,Yes,0.9998767971992493
276,Yes,0.9999147057533264
277,Yes,0.9998157024383545
278,Yes,0.9998686909675598
279,Yes,0.9998518824577332
280,Yes,0.9999121427536011
281,No,0.0002948978799395263
282,No,0.0004124517145100981
283,No,0.012583015486598015
284,No,0.01753312535583973
285,Yes,0.9987908005714417
286,Yes,0.9991808533668518
287,Yes,0.9994341731071472
288,Yes,0.9996930956840515
289,Yes,0.9873829483985901
290,Yes,0.9909747242927551
291,Yes,0.9974693059921265
292,Yes,0.9982291460037231
293,Yes,0.9993361830711365
294,Yes,0.9988434314727783
295,Yes,0.9995786547660828
296,Yes,0.9992227554321289
297,Yes,0.9912797212600708
298,No,0.4708118736743927
299,Yes,0.9753746390342712
300,Yes,0.7769209742546082
301,Yes,0.9978655576705933
302,Yes,0.9972620010375977
303,Yes,0.9994611740112305
304,Yes,0.9992433190345764
305,Yes,0.9943464398384094
306,Yes,0.9828945398330688
307,Yes,0.9973205327987671
308,Yes,0.9923243522644043
309,Yes,0.9988595843315125
310,Yes,0.9959039688110352
311,Yes,0.9998034834861755
312,Yes,0.9997634291648865
313,Yes,0.9997740387916565
314,Yes,0.9997483491897583
315,Yes,0.9999309778213501
316,Yes,0.999923050403595
317,Yes,0.8902168869972229
318,Yes,0.9930787086486816
319,Yes,0.9951542615890503
320,Yes,0.9990859627723694
321,Yes,0.9960023164749146
322,Yes,0.9981380105018616
323,Yes,0.9979745149612427
324,Yes,0.9987510442733765
325,Yes,0.9994871616363525
326,Yes,0.996738851070404
327,Yes,0.9982103109359741
328,Yes,0.9922731518745422
329,Yes,0.9987877607345581
330,Yes,0.9972913265228271
331,Yes,0.9996948838233948
332,Yes,0.9991923570632935
333,Yes,0.9996511936187744
334,Yes,0.9989628791809082
335,Yes,0.9988674521446228
336,Yes,0.999732255935669
337,Yes,0.9960970282554626
338,Yes,0.999422550201416
339,No,0.3704518675804138
340,Yes,0.8677549362182617
341,Yes,0.9964050650596619
342,Yes,0.9993187189102173
343,Yes,0.9998250007629395
344,Yes,0.9998592734336853
345,Yes,0.9353490471839905
346,Yes,0.8779933452606201
347,Yes,0.9992907047271729
348,Yes,0.9868715405464172
349,Yes,0.9989262223243713
350,Yes,0.9987912178039551
351,Yes,0.9996684789657593
352,Yes,0.9994666576385498
353,Yes,0.9997496604919434
354,Yes,0.9998620748519897
355,Yes,0.9997847676277161
356,Yes,0.9998534321784973
357,Yes,0.9997906684875488
358,Yes,0.9998555183410645
359,Yes,0.9997692108154297
360,Yes,0.9998658299446106
361,Yes,0.9998419880867004
362,Yes,0.9994499087333679
363,Yes,0.9998663663864136
364,Yes,0.999876081943512
365,Yes,0.9998736381530762
366,Yes,0.9998934864997864
367,Yes,0.999899685382843
368,Yes,0.9999121427536011
369,Yes,0.9997607469558716
370,Yes,0.9997267127037048
371,Yes,0.999782383441925
372,Yes,0.9997441172599792
373,Yes,0.9997214674949646
374,Yes,0.9998021125793457
375,Yes,0.9998024106025696
376,Yes,0.9998122453689575
377,Yes,0.9997708201408386
378,Yes,0.9998566508293152
379,Yes,0.9998241066932678
380,Yes,0.9998555183410645
381,Yes,0.9996512532234192
382,Yes,0.9998264312744141
383,Yes,0.9995503425598145
384,Yes,0.9998430013656616
385,Yes,0.9995872974395752
386,Yes,0.9998555183410645
387,Yes,0.9996575713157654
388,Yes,0.999847948551178
389,Yes,0.9997047781944275
390,Yes,0.9999249577522278
391,Yes,0.9995736479759216
392,Yes,0.9998863935470581
393,No,0.11189790815114975
394,No,0.32695403695106506
395,Yes,0.888979434967041
396,Yes,0.9412966966629028
397,Yes,0.9998143315315247
398,Yes,0.9996913075447083
399,Yes,0.9998249411582947
400,Yes,0.9998819231987
401,Yes,0.9998699426651001
402,Yes,0.9999004602432251
403,Yes,0.9998754262924194
404,Yes,0.9999070763587952
405,Yes,0.9998255372047424
406,Yes,0.9997730851173401
407,Yes,0.9996347427368164
408,Yes,0.9995673298835754
409,Yes,0.9999232888221741
410,Yes,0.9998990297317505
411,Yes,0.9998636841773987
412,Yes,0.9998406767845154
413,Yes,0.9997959733009338
414,Yes,0.9998222589492798
415,Yes,0.9996942281723022
416,Yes,0.9996959567070007
417,Yes,0.9996392726898193
418,Yes,0.9998111724853516
419,Yes,0.9998541474342346
420,Yes,0.99989914894104
421,Yes,0.9996147751808167
422,Yes,0.999782145023346
423,Yes,0.9998290538787842
424,Yes,0.9998672008514404
425,Yes,0.8499068021774292
426,Yes,0.9184109568595886
427,Yes,0.8980727195739746
428,Yes,0.9836193323135376
429,Yes,0.9776819348335266
430,Yes,0.9898192882537842
431,Yes,0.984261155128479
432,Yes,0.9831117391586304
433,Yes,0.9998013377189636
434,Yes,0.9994975924491882
435,Yes,0.9998751282691956
436,Yes,0.999925971031189
437,Yes,0.9998064637184143
438,Yes,0.9998690485954285
439,Yes,0.9998746514320374
440,Yes,0.9999189376831055
441,Yes,0.9978287816047668
442,Yes,0.8665371537208557
443,Yes,0.9994386434555054
444,Yes,0.9996488094329834
445,Yes,0.9994078874588013
446,Yes,0.9995771050453186
447,Yes,0.999763011932373
448,Yes,0.9997789263725281
449,Yes,0.9217561483383179
450,Yes,0.9649946093559265
451,Yes,0.9993942379951477
452,Yes,0.9974988698959351
453,Yes,0.9994165301322937
454,Yes,0.9977588653564453
455,Yes,0.9997659921646118
456,Yes,0.9995329976081848
457,Yes,0.9997273087501526
458,Yes,0.9996320009231567
459,Yes,0.9999284148216248
460,Yes,0.9998891949653625
461,No,0.08411053568124771
462,Yes,0.9216346740722656
463,No,0.012406689114868641
464,Yes,0.9992619752883911
465,No,0.09911077469587326
466,Yes,0.9978798627853394
467,No,0.004214939661324024
468,Yes,0.9992207884788513
469,Yes,0.9989266395568848
470,Yes,0.9991143345832825
471,Yes,0.9997281432151794
472,Yes,0.999819815158844
473,Yes,0.9776350855827332
474,Yes,0.993173360824585
475,Yes,0.9960856437683105
476,Yes,0.9984862208366394
477,Yes,0.9974576830863953
478,Yes,0.9972591400146484
479,Yes,0.9692949056625366
480,Yes,0.9941856265068054
481,No,0.006555609870702028
482,No,0.007188505493104458
483,No,0.007309406064450741
484,No,0.04397960752248764
485,No,0.02636926807463169
486,No,0.2537809908390045
487,No,0.22329241037368774
488,Yes,0.6475553512573242
489,Yes,0.9996529221534729
490,Yes,0.9996216893196106
491,Yes,0.9996640682220459
492,Yes,0.999687910079956
493,No,0.17395976185798645
494,Yes,0.7105076313018799
495,No,0.09212035685777664
496,Yes,0.75498366355896
497,No,0.4418034553527832
498,Yes,0.8394418954849243
499,No,0.45713183283805847
500,Yes,0.9325682520866394
501,No,0.42598673701286316
502,Yes,0.9680538773536682
503,No,0.43854668736457825
504,Yes,0.9629722833633423
505,Yes,0.999470591545105
506,Yes,0.9998268485069275
507,Yes,0.9996670484542847
508,Yes,0.9998887777328491
509,Yes,0.9998667240142822
510,Yes,0.999864935874939
511,Yes,0.9997825622558594
512,Yes,0.9998079538345337
513,Yes,0.9999077320098877
514,Yes,0.9999373555183411
515,Yes,0.9998592138290405
516,Yes,0.9999032616615295
517,Yes,0.9998168349266052
518,Yes,0.9998795390129089
519,Yes,0.9998160004615784
520,Yes,0.9998472332954407
521,Yes,0.9996849894523621
522,Yes,0.9998411536216736
523,Yes,0.9998816847801208
524,Yes,0.9999278783798218
525,Yes,0.9652813673019409
526,Yes,0.9140615463256836
527,Yes,0.9988784193992615
528,Yes,0.9977773427963257
529,Yes,0.9981300830841064
530,Yes,0.9981316924095154
531,Yes,0.9995720386505127
532,Yes,0.9989988803863525
533,Yes,0.999130129814148
534,Yes,0.9996256232261658
535,Yes,0.9995874762535095
536,Yes,0.9997073411941528
537,Yes,0.998405396938324
538,Yes,0.9996551871299744
539,Yes,0.9997972846031189
540,Yes,0.9998348951339722
541,Yes,0.9964705109596252
542,Yes,0.9967182278633118
543,Yes,0.9989176392555237
544,Yes,0.9961290955543518
545,Yes,0.9989711046218872
546,Yes,0.9972540736198425
547,Yes,0.9991961717605591
548,Yes,0.9976217150688171
549,Yes,0.9998513460159302
550,Yes,0.9998990893363953
551,Yes,0.9998593926429749
552,Yes,0.9998783469200134
553,Yes,0.9999247193336487
554,Yes,0.999932050704956
555,Yes,0.9999032616615295
556,Yes,0.9998884201049805
557,Yes,0.999397873878479
558,Yes,0.9996047019958496
559,Yes,0.9996259212493896
560,Yes,0.9995940923690796
561,Yes,0.9997392892837524
562,Yes,0.9998753666877747
563,Yes,0.9998810887336731
564,Yes,0.9999158382415771
565,Yes,0.9941583871841431
566,Yes,0.9984955191612244
567,Yes,0.9996104836463928
568,Yes,0.9994812607765198
569,Yes,0.9997538328170776
570,Yes,0.9994675517082214
571,Yes,0.9997055530548096
572,Yes,0.9996204376220703
573,Yes,0.9996440410614014
574,Yes,0.9997453093528748
575,Yes,0.999871551990509
576,Yes,0.9999035000801086
577,Yes,0.9461795687675476
578,Yes,0.867717444896698
579,Yes,0.9897697567939758
580,Yes,0.9935258626937866
581,Yes,0.9998461008071899
582,Yes,0.9999135732650757
583,Yes,0.9999597072601318
584,Yes,0.9999638795852661
585,Yes,0.9993306994438171
586,Yes,0.9997361302375793
587,Yes,0.99986332654953
588,Yes,0.9998483657836914
589,Yes,0.9986469745635986
590,Yes,0.9994942545890808
591,Yes,0.9996703863143921
592,Yes,0.9997289180755615
593,Yes,0.9995118379592896
594,Yes,0.9996551275253296
595,Yes,0.9998116493225098
596,Yes,0.9998460412025452
597,Yes,0.9976513385772705
598,Yes,0.9884850978851318
599,Yes,0.9988932609558105
600,Yes,0.9951557517051697
601,Yes,0.9978217482566833
602,Yes,0.9793981313705444
603,Yes,0.9940752983093262
604,Yes,0.9899299144744873
605,Yes,0.9972766041755676
606,Yes,0.99946528673172
607,Yes,0.9998161196708679
608,Yes,0.9997971653938293
609,Yes,0.9997307658195496
610,Yes,0.9998182058334351
611,Yes,0.9998409748077393
612,Yes,0.9999052882194519
613,Yes,0.8166401982307434
614,Yes,0.6775331497192383
615,Yes,0.9873847365379333
616,Yes,0.9583327770233154
617,Yes,0.9994708299636841
618,Yes,0.9976320266723633
619,Yes,0.999530017375946
620,Yes,0.9991514682769775
621,Yes,0.9995843172073364
622,Yes,0.9992796182632446
623,Yes,0.9991889595985413
624,Yes,0.9972400665283203
625,Yes,0.9990690350532532
626,Yes,0.9995952844619751
627,Yes,0.999734103679657
628,Yes,0.9998713135719299
629,Yes,0.9996085166931152
630,Yes,0.9997432231903076
631,Yes,0.9997158646583557
632,Yes,0.999851644039154
633,Yes,0.9995694756507874
634,Yes,0.9988131523132324
635,Yes,0.9967785477638245
636,Yes,0.9979904890060425
637,Yes,0.999838650226593
638,Yes,0.9999004602432251
639,Yes,0.9998724460601807
640,Yes,0.9998962879180908
641,Yes,0.9999008178710938
642,Yes,0.9999291300773621
643,Yes,0.9998471140861511
644,Yes,0.9998587369918823
645,Yes,0.9996010661125183
646,Yes,0.9998518228530884
647,Yes,0.9999085068702698
648,Yes,0.9999310970306396
649,Yes,0.9933908581733704
650,Yes,0.9441538453102112
651,Yes,0.9959452748298645
652,Yes,0.9849353432655334
653,Yes,0.9993888139724731
654,Yes,0.9995133876800537
655,Yes,0.9310160279273987
656,Yes,0.9650998711585999
657,Yes,0.9941413998603821
658,Yes,0.9996723532676697
659,Yes,0.9992524981498718
660,Yes,0.9997665286064148
661,Yes,0.9480566382408142
662,Yes,0.9984535574913025
663,Yes,0.9769618511199951
664,Yes,0.9974804520606995
665,Yes,0.99956876039505
666,Yes,0.9991157650947571
667,Yes,0.9996303915977478
668,Yes,0.9996059536933899
669,Yes,0.9996775388717651
670,Yes,0.9995130896568298
671,Yes,0.999756932258606
672,Yes,0.9997482299804688
673,Yes,0.9997423887252808
674,Yes,0.9998289346694946
675,Yes,0.9998669028282166
676,Yes,0.9999058842658997
677,Yes,0.7483669519424438
678,Yes,0.9710839986801147
679,Yes,0.9875544309616089
680,Yes,0.9994221329689026
681,Yes,0.9577019810676575
682,Yes,0.9984915256500244
683,Yes,0.9966257810592651
684,Yes,0.9997431635856628
685,Yes,0.9950557351112366
686,Yes,0.9915108680725098
687,Yes,0.9997485280036926
688,Yes,0.9996734261512756
689,Yes,0.9996437430381775
690,Yes,0.999729573726654
691,Yes,0.9998373985290527
692,Yes,0.9998465180397034
693,Yes,0.9998242855072021
694,Yes,0.9997910261154175
695,Yes,0.9998986124992371
696,Yes,0.9998450875282288
697,Yes,0.5888107419013977
698,No,0.353393018245697
699,Yes,0.8696105480194092
700,Yes,0.7161865830421448
701,Yes,0.9937503337860107
702,Yes,0.9981017708778381
703,Yes,0.9967851042747498
704,Yes,0.9963305592536926
705,Yes,0.9753835797309875
706,Yes,0.9994238615036011
707,Yes,0.9969147443771362
708,Yes,0.9995669722557068
709,Yes,0.9998595118522644
710,Yes,0.99982750415802
711,Yes,0.9997931718826294
712,Yes,0.9998129606246948
713,Yes,0.9995529055595398
714,Yes,0.9890264272689819
715,Yes,0.999830961227417
716,Yes,0.9998589754104614
717,Yes,0.9996907114982605
718,Yes,0.9998156428337097
719,Yes,0.9998418092727661
720,Yes,0.9998684525489807
721,Yes,0.9962248206138611
722,Yes,0.9987137317657471
723,Yes,0.9993321299552917
724,Yes,0.9996709823608398
725,Yes,0.996628999710083
726,Yes,0.9990577101707458
727,Yes,0.9980208873748779
728,Yes,0.9991692900657654
729,Yes,0.9768732190132141
730,Yes,0.9949601888656616
731,Yes,0.9991627931594849
732,Yes,0.9995762705802917
733,Yes,0.9872316718101501
734,Yes,0.999113142490387
735,Yes,0.9975970983505249
736,Yes,0.9992744326591492
737,Yes,0.9928566813468933
738,Yes,0.9990221261978149
739,Yes,0.9998079538345337
740,Yes,0.999752402305603
741,Yes,0.9997583627700806
742,Yes,0.9998718500137329
743,Yes,0.9998903274536133
744,Yes,0.9999300837516785
745,Yes,0.9997941255569458
746,Yes,0.9997435808181763
747,Yes,0.9998885989189148
748,Yes,0.9999081492424011
749,Yes,0.9989105463027954
750,Yes,0.9974043369293213
751,Yes,0.9998579025268555
752,Yes,0.9998797178268433
753,Yes,0.9997161626815796
754,Yes,0.9998323321342468
755,Yes,0.9998266696929932
756,Yes,0.9998728036880493
757,Yes,0.9997689723968506
758,Yes,0.9997988939285278
759,Yes,0.9998010396957397
760,Yes,0.9998832941055298
761,Yes,0.9993828535079956
762,Yes,0.999767005443573
763,Yes,0.999645471572876
764,Yes,0.9997987747192383
765,Yes,0.999343991279602
766,Yes,0.9997275471687317
767,Yes,0.9996715188026428
768,Yes,0.9997984766960144
769,Yes,0.9993640780448914
770,Yes,0.9996467232704163
771,Yes,0.9996556639671326
772,Yes,0.9998161196708679
773,Yes,0.9915992021560669
774,Yes,0.9977373480796814
775,Yes,0.9993273615837097
776,Yes,0.9993440508842468
777,Yes,0.9995194673538208
778,Yes,0.9998140335083008
779,Yes,0.9997584819793701
780,Yes,0.9998414516448975
781,Yes,0.9991434216499329
782,Yes,0.9997867345809937
783,Yes,0.9998149871826172
784,Yes,0.999888002872467
785,Yes,0.9385054111480713
786,Yes,0.9983431696891785
787,Yes,0.9926308393478394
788,Yes,0.9995189309120178
789,Yes,0.9997472167015076
790,Yes,0.9999431371688843
791,Yes,0.9996564984321594
792,Yes,0.9999111890792847
793,Yes,0.9968945384025574
794,Yes,0.9995038509368896
795,Yes,0.9983631372451782
796,Yes,0.9993534088134766
797,Yes,0.9995736479759216
798,Yes,0.9998916387557983
799,Yes,0.998877763748169
800,Yes,0.9998850226402283
801,Yes,0.9998674392700195
802,Yes,0.9999117851257324
803,Yes,0.9998986124992371
804,Yes,0.9999037981033325
805,Yes,0.9998106360435486
806,Yes,0.9998565912246704
807,Yes,0.999876856803894
808,Yes,0.9998912811279297
809,Yes,0.9996909499168396
810,Yes,0.999830424785614
811,Yes,0.9998287558555603
812,Yes,0.9998747110366821
813,No,0.07043331861495972
814,Yes,0.6523767113685608
815,Yes,0.6486063599586487
816,Yes,0.900093674659729
817,Yes,0.9997925758361816
818,Yes,0.9999074339866638
819,Yes,0.9999529123306274
820,Yes,0.9999590516090393
821,Yes,0.9947612285614014
822,Yes,0.9967741370201111
823,Yes,0.9988427758216858
824,Yes,0.9995405673980713
825,Yes,0.9884465336799622
826,Yes,0.9897729158401489
827,Yes,0.9990332722663879
828,Yes,0.9988221526145935
829,Yes,0.6276037693023682
830,Yes,0.9645175337791443
831,Yes,0.6429523825645447
832,Yes,0.6550678014755249
833,Yes,0.7841622829437256
834,Yes,0.950711727142334
835,Yes,0.999460756778717
836,Yes,0.9995936155319214
837,Yes,0.8060984015464783
838,No,0.040899720042943954
839,Yes,0.9971184730529785
840,Yes,0.996975302696228
841,Yes,0.9386886954307556
842,Yes,0.9895337820053101
843,No,0.30349576473236084
844,Yes,0.7070340514183044
845,Yes,0.9997218251228333
846,Yes,0.9995113015174866
847,Yes,0.9997592568397522
848,Yes,0.9998661875724792
849,Yes,0.9996483325958252
850,Yes,0.999740719795227
851,Yes,0.9996771812438965
852,Yes,0.999786376953125
853,Yes,0.9998403787612915
854,Yes,0.9998393654823303
855,Yes,0.9998636245727539
856,Yes,0.999803900718689
857,Yes,0.9995580315589905
858,Yes,0.9986587762832642
859,Yes,0.9998658299446106
860,Yes,0.9997654557228088
861,Yes,0.9011621475219727
862,Yes,0.9707186818122864
863,Yes,0.9764707684516907
864,Yes,0.9835481643676758
865,Yes,0.9998399615287781
866,Yes,0.9997413158416748
867,Yes,0.9998651742935181
868,Yes,0.9998629689216614
869,Yes,0.9995145797729492
870,Yes,0.999669075012207
871,Yes,0.9998310804367065
872,Yes,0.9998229146003723
873,Yes,0.999735414981842
874,Yes,0.9999105334281921
875,Yes,0.9998088479042053
876,Yes,0.999902069568634
877,Yes,0.9993008971214294
878,Yes,0.9996181130409241
879,Yes,0.9998013973236084
880,Yes,0.999771237373352
881,Yes,0.9994705319404602
882,Yes,0.9994409680366516
883,Yes,0.9987624287605286
884,Yes,0.9990164041519165
885,Yes,0.9999347925186157
886,Yes,0.9998968243598938
887,Yes,0.9999133944511414
888,Yes,0.999921977519989
889,Yes,0.99982088804245
890,Yes,0.9999120235443115
891,Yes,0.9998933672904968
892,Yes,0.9999079704284668
893,Yes,0.9886009097099304
894,Yes,0.9872106909751892
895,Yes,0.9169657826423645
896,Yes,0.9745717644691467
897,No,0.0884283110499382
898,No,0.2316991239786148
899,No,0.15057796239852905
900,Yes,0.5278793573379517
901,Yes,0.8785428404808044
902,Yes,0.9969258308410645
903,Yes,0.9882498979568481
904,Yes,0.99909508228302
905,Yes,0.9691870808601379
906,Yes,0.9196085929870605
907,Yes,0.9805184602737427
908,Yes,0.9818387627601624
909,Yes,0.9572063088417053
910,Yes,0.9890257120132446
911,Yes,0.9902964234352112
912,Yes,0.9995845556259155
913,Yes,0.7638358473777771
914,Yes,0.9970548748970032
915,Yes,0.9469752311706543
916,Yes,0.9968650341033936
917,Yes,0.9918187260627747
918,Yes,0.8377127647399902
919,Yes,0.9059244394302368
920,Yes,0.8226795196533203
921,Yes,0.9993639588356018
922,Yes,0.9994077682495117
923,Yes,0.9996106624603271
924,Yes,0.9990448355674744
925,Yes,0.929955005645752
926,Yes,0.984846293926239
927,Yes,0.975147545337677
928,Yes,0.9980877041816711
929,Yes,0.9430583715438843
930,Yes,0.9939301609992981
931,Yes,0.9888299107551575
932,Yes,0.9901144504547119
933,Yes,0.9995792508125305
934,Yes,0.999735414981842
935,Yes,0.9998751282691956
936,Yes,0.9998784065246582
937,Yes,0.9995929002761841
938,Yes,0.9998237490653992
939,Yes,0.9998548030853271
940,Yes,0.9998979568481445
941,Yes,0.9999392628669739
942,Yes,0.9999374151229858
943,Yes,0.9999076724052429
944,Yes,0.9999001622200012
945,Yes,0.9998023509979248
946,Yes,0.9998651146888733
947,Yes,0.9999438524246216
948,Yes,0.9999369382858276
949,Yes,0.9991785287857056
950,Yes,0.9991784691810608
951,Yes,0.9998793005943298
952,Yes,0.9998788237571716
953,Yes,0.9993288516998291
954,Yes,0.9993075728416443
955,Yes,0.9994368553161621
956,Yes,0.9989068508148193
957,Yes,0.9998490810394287
958,Yes,0.9997783303260803
959,Yes,0.9998642206192017
960,Yes,0.9998775124549866
961,Yes,0.9998629689216614
962,Yes,0.9998602867126465
963,Yes,0.9999322891235352
964,Yes,0.999945878982544
965,Yes,0.9994296431541443
966,Yes,0.9998562932014465
967,Yes,0.9996705055236816
968,Yes,0.999809741973877
969,Yes,0.9965561628341675
970,Yes,0.9944649934768677
971,Yes,0.9990607500076294
972,Yes,0.9988433122634888
973,Yes,0.9996700286865234
974,Yes,0.9997158646583557
975,Yes,0.9997523427009583
976,Yes,0.9998390674591064
977,Yes,0.9993569254875183
978,Yes,0.9995542168617249
979,Yes,0.9996700882911682
980,Yes,0.9996669292449951
981,Yes,0.995897650718689
982,Yes,0.9631181955337524
983,Yes,0.998427152633667
984,Yes,0.9992315173149109
985,Yes,0.9997154474258423
986,Yes,0.9998131990432739
987,Yes,0.9995880722999573
988,Yes,0.9994547963142395
989,Yes,0.9998975396156311
990,Yes,0.9999293088912964
991,Yes,0.9998385906219482
992,Yes,0.9998985528945923
993,Yes,0.9940317273139954
994,Yes,0.9959287047386169
995,Yes,0.9914189577102661
996,Yes,0.9957665205001831
997,Yes,0.9997923970222473
998,Yes,0.9999215602874756
999,Yes,0.9995993971824646
1000,Yes,0.999911904335022
1001,No,0.28181421756744385
1002,Yes,0.6468523144721985
1003,Yes,0.8554932475090027
1004,Yes,0.9683340787887573
1005,Yes,0.9995054006576538
1006,Yes,0.9997599720954895
1007,Yes,0.999819815158844
1008,Yes,0.999825119972229
1009,Yes,0.99970942735672
1010,Yes,0.9998335242271423
1011,Yes,0.9998396635055542
1012,Yes,0.9998952746391296
1013,Yes,0.9610583186149597
1014,Yes,0.9936519265174866
1015,Yes,0.9960107803344727
1016,Yes,0.999691903591156
1017,Yes,0.5270068049430847
1018,Yes,0.9980490803718567
1019,Yes,0.9572954177856445
1020,Yes,0.9994441866874695
1021,Yes,0.9761636853218079
1022,Yes,0.9927124977111816
1023,Yes,0.9837630391120911
1024,Yes,0.9986734986305237
1025,Yes,0.9984570145606995
1026,Yes,0.9990492463111877
1027,Yes,0.9969473481178284
1028,Yes,0.9986739158630371
1029,Yes,0.5868843793869019
1030,Yes,0.8468458652496338
1031,No,0.2348051816225052
1032,Yes,0.8089079260826111
1033,Yes,0.9972514510154724
1034,Yes,0.9288942813873291
1035,Yes,0.9979009032249451
1036,Yes,0.9953023195266724
1037,Yes,0.9997726082801819
1038,Yes,0.99991774559021
1039,Yes,0.9995081424713135
1040,Yes,0.9999016523361206
1041,Yes,0.9996873140335083
1042,Yes,0.9997560977935791
1043,Yes,0.9999120831489563
1044,Yes,0.9999311566352844
1045,Yes,0.9976802468299866
1046,Yes,0.9993293285369873
1047,Yes,0.999180018901825
1048,Yes,0.9993975162506104
1049,Yes,0.9975332617759705
1050,Yes,0.9935302734375
1051,Yes,0.9992073774337769
1052,Yes,0.9985884428024292
1053,Yes,0.999530553817749
1054,Yes,0.9997901320457458
1055,Yes,0.999656617641449
1056,Yes,0.9997507929801941
1057,Yes,0.6849480867385864
1058,Yes,0.7173599600791931
1059,Yes,0.9282570481300354
1060,Yes,0.706362783908844
1061,Yes,0.6295102834701538
1062,Yes,0.982038140296936
1063,Yes,0.9362990856170654
1064,Yes,0.9744017720222473
1065,Yes,0.9519010186195374
1066,Yes,0.7878502607345581
1067,Yes,0.9664474725723267
1068,Yes,0.9969257116317749
1069,Yes,0.9980171918869019
1070,Yes,0.9994269609451294
1071,Yes,0.7953700423240662
1072,Yes,0.8992936611175537
1073,Yes,0.999836802482605
1074,Yes,0.9995975494384766
1075,Yes,0.9998452663421631
1076,Yes,0.9998041987419128
1077,Yes,0.9998895525932312
1078,Yes,0.9999123811721802
1079,Yes,0.9998757839202881
1080,Yes,0.9998542070388794
1081,Yes,0.9993559718132019
1082,Yes,0.999469518661499
1083,Yes,0.9997932314872742
1084,Yes,0.9997507333755493
1085,Yes,0.9997693300247192
1086,Yes,0.9998144507408142
1087,Yes,0.9998683333396912
1088,Yes,0.9998824596405029
1089,No,0.00014765594096388668
1090,No,0.001760023063980043
1091,No,0.00013727281475439668
1092,No,0.0011746520176529884
1093,No,9.069657971849665e-05
1094,No,2.269131800858304e-05
1095,No,2.4654797016410157e-05
1096,No,2.8024509447277524e-05
1097,Yes,0.9993896484375
1098,Yes,0.9995390176773071
1099,Yes,0.9998126029968262
1100,Yes,0.9997658133506775
1101,Yes,0.9962716102600098
1102,Yes,0.9993064403533936
1103,Yes,0.9993401169776917
1104,Yes,0.9995114803314209
1105,Yes,0.9959962964057922
1106,Yes,0.9977061152458191
1107,Yes,0.9989053606987
1108,Yes,0.9990323781967163
1109,Yes,0.9656886458396912
1110,Yes,0.9878873229026794
1111,Yes,0.8959579467773438
1112,Yes,0.9613829255104065
1113,Yes,0.9991226196289062
1114,Yes,0.9977105259895325
1115,Yes,0.9998379349708557
1116,Yes,0.9998803734779358
1117,Yes,0.9992946982383728
1118,Yes,0.9997157454490662
1119,Yes,0.9997885823249817
1120,Yes,0.9998975396156311
1121,Yes,0.9604297280311584
1122,Yes,0.9767999053001404
1123,Yes,0.9068276286125183
1124,Yes,0.9511476159095764
1125,Yes,0.7455822229385376
1126,Yes,0.8838276267051697
1127,No,0.4624232351779938
1128,Yes,0.5599545240402222
1129,Yes,0.9997199177742004
1130,Yes,0.9994368553161621
1131,Yes,0.999817967414856
1132,Yes,0.9997901320457458
1133,Yes,0.9997156262397766
1134,Yes,0.9997632503509521
1135,Yes,0.9999014735221863
1136,Yes,0.9998669624328613
1137,Yes,0.9998043179512024
1138,Yes,0.9998791217803955
1139,Yes,0.9998646378517151
1140,Yes,0.9998360872268677
1141,Yes,0.9928171038627625
1142,Yes,0.999381422996521
1143,Yes,0.9995521903038025
1144,Yes,0.9997710585594177
1145,Yes,0.9997770190238953
1146,Yes,0.9998699426651001
1147,Yes,0.9998366832733154
1148,Yes,0.9998619556427002
1149,Yes,0.9984976649284363
1150,Yes,0.9996731877326965
1151,Yes,0.9993399381637573
1152,Yes,0.9997531771659851
1153,Yes,0.609538197517395
1154,No,0.4602024257183075
1155,No,0.39683714509010315
1156,Yes,0.6368229389190674
1157,Yes,0.9808283448219299
1158,Yes,0.9949336647987366
1159,Yes,0.9958089590072632
1160,Yes,0.9985832571983337
1161,Yes,0.6096335053443909
1162,Yes,0.949047863483429
1163,Yes,0.6432856321334839
1164,Yes,0.828688383102417
1165,Yes,0.9245521426200867
1166,Yes,0.7443200945854187
1167,Yes,0.9833199381828308
1168,Yes,0.9391098022460938
1169,Yes,0.977576732635498
1170,Yes,0.9558132290840149
1171,Yes,0.9925580024719238
1172,Yes,0.9862672686576843
1173,Yes,0.9999106526374817
1174,Yes,0.9999105930328369
1175,Yes,0.9998296499252319
1176,Yes,0.9998684525489807
1177,Yes,0.9993498921394348
1178,Yes,0.9997442364692688
1179,Yes,0.9986382126808167
1180,Yes,0.9996512532234192
1181,Yes,0.9996817111968994
1182,Yes,0.9998179078102112
1183,Yes,0.999667227268219
1184,Yes,0.9999045133590698
1185,No,0.0003185526584275067
1186,No,0.015922220423817635
1187,No,0.0019219079986214638
1188,No,0.030668415129184723
1189,Yes,0.9983962774276733
1190,Yes,0.9911429286003113
1191,Yes,0.9945665597915649
1192,Yes,0.9886148571968079
1193,Yes,0.9989287257194519
1194,Yes,0.9990705251693726
1195,Yes,0.9996390342712402
1196,Yes,0.9994993209838867
1197,Yes,0.9997255206108093
1198,Yes,0.9998063445091248
1199,Yes,0.9998068809509277
1200,Yes,0.999857485294342
1201,Yes,0.971877932548523
1202,Yes,0.9998819828033447
1203,Yes,0.9998388886451721
1204,Yes,0.999916672706604
1205,Yes,0.9998334050178528
1206,Yes,0.9999174475669861
1207,Yes,0.9998751282691956
1208,Yes,0.9999145269393921
1209,Yes,0.9957274794578552
1210,Yes,0.9950761795043945
1211,Yes,0.9958334565162659
1212,Yes,0.9965813755989075
1213,No,0.05387286841869354
1214,No,0.043239694088697433
1215,No,0.1342582106590271
1216,No,0.0280936136841774
1217,No,0.21034787595272064
1218,No,0.21264109015464783
1219,No,0.194749116897583
1220,No,0.10677509009838104
1221,Yes,0.9980741739273071
1222,Yes,0.9989708662033081
1223,Yes,0.9995052814483643
1224,Yes,0.9995429515838623
1225,Yes,0.9911664128303528
1226,Yes,0.9929059743881226
1227,Yes,0.9991624355316162
1228,Yes,0.9993609189987183
1229,Yes,0.9935290813446045
1230,Yes,0.9805484414100647
1231,Yes,0.9979642033576965
1232,Yes,0.9969446659088135
1233,Yes,0.7413132190704346
1234,Yes,0.771147608757019
1235,Yes,0.7745949029922485
1236,Yes,0.821046769618988
1237,Yes,0.9971348643302917
1238,Yes,0.9981670379638672
1239,Yes,0.9970716238021851
1240,Yes,0.9988431334495544
1241,Yes,0.9997521638870239
1242,Yes,0.9998341202735901
1243,Yes,0.9999522566795349
1244,Yes,0.999951958656311
1245,Yes,0.999433696269989
1246,Yes,0.9994418025016785
1247,Yes,0.9994584918022156
1248,Yes,0.9997126460075378
1249,Yes,0.9991737008094788
1250,Yes,0.9991437196731567
1251,Yes,0.9853948950767517
1252,Yes,0.9977917671203613
1253,Yes,0.9998297691345215
1254,Yes,0.9996559619903564
1255,Yes,0.9995032548904419
1256,Yes,0.9993467926979065
1257,Yes,0.9998998045921326
1258,Yes,0.9999109506607056
1259,Yes,0.9998825192451477
1260,Yes,0.999874472618103
1261,Yes,0.9996576309204102
1262,Yes,0.9998096823692322
1263,Yes,0.9997226595878601
1264,Yes,0.999760091304779
1265,Yes,0.9997740387916565
1266,Yes,0.9998591542243958
1267,Yes,0.9998636245727539
1268,Yes,0.9998800158500671
1269,Yes,0.999917209148407
1270,Yes,0.9998799562454224
1271,Yes,0.9998137950897217
1272,Yes,0.9997984766960144
1273,Yes,0.9998378157615662
1274,Yes,0.9997706413269043
1275,Yes,0.9996923208236694
1276,Yes,0.9996370673179626
1277,Yes,0.9997155070304871
1278,Yes,0.9998630881309509
1279,Yes,0.9997309446334839
1280,Yes,0.9998753666877747
1281,Yes,0.9948822855949402
1282,Yes,0.9908419847488403
1283,Yes,0.9831036329269409
1284,Yes,0.9911723136901855
1285,Yes,0.9893038868904114
1286,Yes,0.9903129935264587
1287,Yes,0.9896835684776306
1288,Yes,0.9969642162322998
1289,Yes,0.6389358043670654
1290,Yes,0.9295393228530884
1291,Yes,0.5877609848976135
1292,Yes,0.8052692413330078
1293,Yes,0.9999063014984131
1294,Yes,0.9999083280563354
1295,Yes,0.9998500943183899
1296,Yes,0.9998725652694702
1297,Yes,0.9996445775032043
1298,Yes,0.9995138049125671
1299,Yes,0.9991546869277954
1300,Yes,0.9993482232093811
1301,Yes,0.9998241662979126
1302,Yes,0.9998886585235596
1303,Yes,0.999744713306427
1304,Yes,0.9999070763587952
1305,Yes,0.9009881615638733
1306,Yes,0.6881107687950134
1307,Yes,0.8172699809074402
1308,Yes,0.9244309663772583
1309,Yes,0.9998482465744019
1310,Yes,0.9999212622642517
1311,Yes,0.9998645782470703
1312,Yes,0.9998759627342224
1313,Yes,0.9969537258148193
1314,Yes,0.9959303736686707
1315,Yes,0.9983353018760681
1316,Yes,0.9980002641677856
1317,Yes,0.9996548295021057
1318,Yes,0.9998989701271057
1319,Yes,0.999848484992981
1320,Yes,0.9999421238899231
1321,Yes,0.9931167364120483
1322,Yes,0.9982624650001526
1323,Yes,0.9990112781524658
1324,Yes,0.9995264410972595
1325,Yes,0.9996604919433594
1326,Yes,0.9998006820678711
1327,Yes,0.9997169375419617
1328,Yes,0.9998611211776733
1329,Yes,0.5881178379058838
1330,Yes,0.6069786548614502
1331,Yes,0.7681472301483154
1332,No,0.48401808738708496
1333,Yes,0.6453951597213745
1334,Yes,0.8182845115661621
1335,Yes,0.814020037651062
1336,Yes,0.6584158539772034
1337,Yes,0.9991580247879028
1338,Yes,0.9982305765151978
1339,Yes,0.9998622536659241
1340,Yes,0.9998802542686462
1341,Yes,0.9970830678939819
1342,Yes,0.9974346160888672
1343,Yes,0.9990872740745544
1344,Yes,0.9995283484458923
1345,Yes,0.9993802905082703
1346,Yes,0.986937403678894
1347,Yes,0.9972890615463257
1348,Yes,0.9991167187690735
1349,Yes,0.9974096417427063
1350,Yes,0.9992993474006653
1351,Yes,0.9864498972892761
1352,Yes,0.9937479496002197
1353,No,0.40348878502845764
1354,No,0.010343472473323345
1355,Yes,0.6310266256332397
1356,No,0.13196641206741333
1357,Yes,0.9973196387290955
1358,Yes,0.7699500918388367
1359,Yes,0.9992843270301819
1360,Yes,0.9995495080947876
1361,Yes,0.9991887807846069
1362,Yes,0.9995439052581787
1363,Yes,0.9996395707130432
1364,Yes,0.9996986389160156
1365,Yes,0.6708831191062927
1366,Yes,0.8875052332878113
1367,Yes,0.9959635734558105
1368,Yes,0.9983215928077698
1369,Yes,0.9998430609703064
1370,Yes,0.9998083710670471
1371,Yes,0.9998742341995239
1372,Yes,0.9998906850814819
1373,Yes,0.9996538162231445
1374,Yes,0.9997479915618896
1375,Yes,0.9998264908790588
1376,Yes,0.9998247623443604
1377,Yes,0.9941640496253967
1378,Yes,0.993601381778717
1379,Yes,0.999453067779541
1380,Yes,0.999540388584137
1381,Yes,0.9127333164215088
1382,Yes,0.8525952100753784
1383,Yes,0.99806809425354
1384,Yes,0.9983024001121521
1385,Yes,0.8243624567985535
1386,Yes,0.8570830821990967
1387,Yes,0.9606250524520874
1388,Yes,0.9850971698760986
1389,Yes,0.9997724890708923
1390,Yes,0.9998263716697693
1391,Yes,0.9996386766433716
1392,Yes,0.9997727274894714
1393,Yes,0.9988403916358948
1394,Yes,0.9981999397277832
1395,Yes,0.9975358247756958
1396,Yes,0.9967432022094727
1397,Yes,0.9996126890182495
1398,Yes,0.9997925758361816
1399,Yes,0.9993329644203186
1400,Yes,0.9997244477272034
1401,Yes,0.9993152618408203
1402,Yes,0.9987649917602539
1403,Yes,0.999609649181366
1404,Yes,0.9995347261428833
1405,Yes,0.9949780702590942
1406,Yes,0.9991405606269836
1407,Yes,0.999559223651886
1408,Yes,0.9996612668037415
1409,Yes,0.9997691512107849
1410,Yes,0.9998319745063782
1411,Yes,0.9997050762176514
1412,Yes,0.9998705387115479
1413,Yes,0.9686700701713562
1414,Yes,0.997010350227356
1415,Yes,0.9903621077537537
1416,Yes,0.9984583258628845
1417,Yes,0.9623722434043884
1418,Yes,0.9743294715881348
1419,Yes,0.9750593900680542
1420,Yes,0.9853950142860413
1421,Yes,0.9978896975517273
1422,Yes,0.9941427707672119
1423,Yes,0.9995937943458557
1424,Yes,0.9993828535079956
1425,Yes,0.9992539286613464
1426,Yes,0.993548572063446
1427,Yes,0.9991124868392944
1428,Yes,0.9994105100631714
1429,Yes,0.9970762133598328
1430,Yes,0.9943788051605225
1431,Yes,0.9985634088516235
1432,Yes,0.9991133809089661
1433,Yes,0.7396857738494873
1434,Yes,0.87953120470047
1435,Yes,0.9861653447151184
1436,Yes,0.9922776222229004
1437,Yes,0.9825339317321777
1438,Yes,0.9928406476974487
1439,Yes,0.9959003329277039
1440,Yes,0.9979572892189026
1441,Yes,0.9994518160820007
1442,Yes,0.9997521638870239
1443,Yes,0.9995971322059631
1444,Yes,0.9997944235801697
1445,Yes,0.9981648921966553
1446,Yes,0.9991509914398193
1447,Yes,0.9985982775688171
1448,Yes,0.9996210932731628
1449,Yes,0.9993457198143005
1450,Yes,0.9996115565299988
1451,Yes,0.999740719795227
1452,Yes,0.9997041821479797
1453,Yes,0.9981154203414917
1454,Yes,0.9996476173400879
1455,Yes,0.8756977319717407
1456,Yes,0.9582555890083313
1457,Yes,0.9800222516059875
1458,Yes,0.976983904838562
1459,Yes,0.9943706393241882
1460,Yes,0.9864627718925476
1461,No,0.016861237585544586
1462,No,0.21804150938987732
1463,No,0.012835209257900715
1464,No,0.010158288292586803
1465,Yes,0.9995348453521729
1466,Yes,0.9998648762702942
1467,Yes,0.9998283982276917
1468,Yes,0.9999036192893982
1469,Yes,0.9862772226333618
1470,Yes,0.9995028376579285
1471,Yes,0.9882429242134094
1472,Yes,0.9997886419296265
1473,Yes,0.980156660079956
1474,Yes,0.9082923531532288
1475,Yes,0.9904547929763794
1476,Yes,0.8263343572616577
1477,Yes,0.9970600008964539
1478,Yes,0.9973627924919128
1479,Yes,0.9968860745429993
1480,Yes,0.9993541240692139
1481,Yes,0.9986456632614136
1482,Yes,0.9978623390197754
1483,Yes,0.9985674619674683
1484,Yes,0.9981815814971924
1485,Yes,0.99947589635849
1486,Yes,0.9998620748519897
1487,Yes,0.9997501969337463
1488,Yes,0.9998860955238342
1489,Yes,0.9353354573249817
1490,Yes,0.9783695340156555
1491,Yes,0.9831424951553345
1492,Yes,0.997443675994873
1493,Yes,0.9928862452507019
1494,Yes,0.7270018458366394
1495,Yes,0.9954273104667664
1496,Yes,0.9990028738975525
1497,Yes,0.9989664554595947
1498,Yes,0.9996828436851501
1499,Yes,0.999536395072937
1500,Yes,0.9997555017471313
1501,Yes,0.9992557168006897
1502,Yes,0.9993723630905151
1503,Yes,0.9995397925376892
1504,Yes,0.9993780255317688
1505,Yes,0.9931791424751282
1506,Yes,0.9980018734931946
1507,Yes,0.9987629055976868
1508,Yes,0.9990984797477722
1509,No,0.16071578860282898
1510,No,0.149416983127594
1511,No,0.4219045639038086
1512,No,0.4051049053668976
1513,Yes,0.9991229772567749
1514,Yes,0.9983645081520081
1515,Yes,0.99981290102005
1516,Yes,0.999889612197876
1517,Yes,0.9992887377738953
1518,Yes,0.9996984004974365
1519,Yes,0.9998612999916077
1520,Yes,0.9999209642410278
1521,Yes,0.5363789796829224
1522,Yes,0.9222595691680908
1523,Yes,0.9958136677742004
1524,Yes,0.9971463084220886
1525,Yes,0.965611457824707
1526,Yes,0.9953718781471252
1527,Yes,0.9742245078086853
1528,Yes,0.9823866486549377
1529,Yes,0.8181014657020569
1530,Yes,0.7768653035163879
1531,No,0.2707979679107666
1532,No,0.4280588924884796
1533,Yes,0.999074399471283
1534,Yes,0.9997501969337463
1535,Yes,0.9993892312049866
1536,Yes,0.999462366104126
1537,Yes,0.998308002948761
1538,Yes,0.9984676837921143
1539,Yes,0.996347963809967
1540,Yes,0.9921466708183289
1541,Yes,0.9636619687080383
1542,Yes,0.983733057975769
1543,Yes,0.996229887008667
1544,Yes,0.9977796077728271
1545,Yes,0.9960312843322754
1546,Yes,0.9991978406906128
1547,Yes,0.9991175532341003
1548,Yes,0.9996018409729004
1549,Yes,0.727466344833374
1550,Yes,0.7066359519958496
1551,Yes,0.7415622472763062
1552,Yes,0.9598696231842041
1553,Yes,0.9992985129356384
1554,Yes,0.9988731145858765
1555,Yes,0.9997886419296265
1556,Yes,0.9996773600578308
1557,Yes,0.9996321201324463
1558,Yes,0.9994786381721497
1559,Yes,0.9998713135719299
1560,Yes,0.9998348951339722
1561,Yes,0.9863521456718445
1562,Yes,0.9986041784286499
1563,Yes,0.99932461977005
1564,Yes,0.999476432800293
1565,Yes,0.9993897676467896
1566,Yes,0.9998148679733276
1567,Yes,0.9996609687805176
1568,Yes,0.9998136758804321
1569,Yes,0.9971599578857422
1570,Yes,0.9979097247123718
1571,Yes,0.9996145963668823
1572,Yes,0.9996386170387268
1573,Yes,0.99661785364151
1574,Yes,0.9982498288154602
1575,Yes,0.99713534116745
1576,Yes,0.9980787634849548
1577,Yes,0.8937086462974548
1578,Yes,0.8759323954582214
1579,Yes,0.9992199540138245
1580,Yes,0.9995721578598022
1581,Yes,0.8519782423973083
1582,No,0.41694173216819763
1583,Yes,0.9988852739334106
1584,Yes,0.9992849826812744
1585,Yes,0.9992952346801758
1586,Yes,0.9958527088165283
1587,Yes,0.9997557997703552
1588,Yes,0.9997375011444092
1589,Yes,0.99913489818573
1590,Yes,0.9947577714920044
1591,Yes,0.998860776424408
1592,Yes,0.9995263814926147
1593,Yes,0.8684722185134888
1594,Yes,0.942506730556488
1595,Yes,0.5118275284767151
1596,Yes,0.6927320957183838
1597,Yes,0.9995866417884827
1598,Yes,0.999549150466919
1599,Yes,0.9998880624771118
1600,Yes,0.9998490810394287
1601,Yes,0.9998088479042053
1602,Yes,0.999840259552002
1603,Yes,0.9999291896820068
1604,Yes,0.9999400973320007
1605,Yes,0.999916672706604
1606,Yes,0.9999313354492188
1607,Yes,0.9998960494995117
1608,Yes,0.9999119639396667
1609,Yes,0.9998282790184021
1610,Yes,0.9998631477355957
1611,Yes,0.9998422265052795
1612,Yes,0.9998926520347595
1613,Yes,0.9995719790458679
1614,Yes,0.9998499751091003
1615,Yes,0.9997947216033936
1616,Yes,0.9998818039894104
1617,Yes,0.9983054399490356
1618,Yes,0.9770214557647705
1619,Yes,0.9995282292366028
1620,Yes,0.9998706579208374
1621,Yes,0.9989694952964783
1622,Yes,0.9998417496681213
1623,Yes,0.9996448755264282
1624,Yes,0.9998781681060791
1625,Yes,0.9807612895965576
1626,Yes,0.934622585773468
1627,Yes,0.9994381070137024
1628,Yes,0.9987870454788208
1629,Yes,0.9996277689933777
1630,Yes,0.9968794584274292
1631,Yes,0.9949039220809937
1632,Yes,0.9403492212295532
1633,Yes,0.9998390674591064
1634,Yes,0.9998153448104858
1635,Yes,0.9999444484710693
1636,Yes,0.9999459981918335
1637,Yes,0.9896910190582275
1638,Yes,0.9851537942886353
1639,Yes,0.9989139437675476
1640,Yes,0.9988662004470825
1641,Yes,0.9968029260635376
1642,Yes,0.9995570182800293
1643,Yes,0.9985737204551697
1644,Yes,0.9996501803398132
1645,Yes,0.9986429810523987
1646,Yes,0.9948991537094116
1647,Yes,0.9921714067459106
1648,Yes,0.9943927526473999
1649,Yes,0.9998217821121216
1650,Yes,0.9999034404754639
1651,Yes,0.9998763203620911
1652,Yes,0.9999165534973145
1653,Yes,0.9577907919883728
1654,Yes,0.9033822417259216
1655,Yes,0.9973651170730591
1656,Yes,0.9992508888244629
1657,No,0.45848920941352844
1658,Yes,0.9804806709289551
1659,No,0.37258994579315186
1660,Yes,0.9212239980697632
1661,No,0.002069698413833976
1662,No,0.00030215742299333215
1663,No,0.00017044141713995486
1664,No,5.498687824001536e-05
1665,Yes,0.9996218085289001
1666,Yes,0.9998072385787964
1667,Yes,0.9998318552970886
1668,Yes,0.9998593330383301
1669,Yes,0.9991171956062317
1670,Yes,0.9996849298477173
1671,Yes,0.9992104768753052
1672,Yes,0.9996984004974365
1673,Yes,0.9997804760932922
1674,Yes,0.9993889927864075
1675,Yes,0.999819278717041
1676,Yes,0.9998971223831177
1677,Yes,0.9997909069061279
1678,Yes,0.999824047088623
1679,Yes,0.9998857975006104
1680,Yes,0.9999151229858398
1681,No,0.18897320330142975
1682,Yes,0.5322991013526917
1683,Yes,0.7469065189361572
1684,Yes,0.9385461211204529
1685,No,0.02787792682647705
1686,No,0.23241731524467468
1687,Yes,0.5309040546417236
1688,Yes,0.9038710594177246
1689,Yes,0.9616521000862122
1690,Yes,0.9910625219345093
1691,Yes,0.78497713804245
1692,Yes,0.9736872315406799
1693,Yes,0.9561728835105896
1694,Yes,0.99894779920578
1695,Yes,0.9858216643333435
1696,Yes,0.9989583492279053
1697,Yes,0.8782365918159485
1698,Yes,0.9992799758911133
1699,Yes,0.9981603622436523
1700,Yes,0.9995396733283997
1701,Yes,0.9998122453689575
1702,Yes,0.9992507696151733
1703,Yes,0.9998524188995361
1704,Yes,0.9998545050621033
1705,Yes,0.9998279809951782
1706,Yes,0.9998595118522644
1707,Yes,0.9998677968978882
1708,Yes,0.9998936653137207
1709,Yes,0.9981329441070557
1710,Yes,0.9992955327033997
1711,Yes,0.9995805025100708
1712,Yes,0.9996562004089355
1713,Yes,0.9995734691619873
1714,Yes,0.9998617768287659
1715,Yes,0.9998214244842529
1716,Yes,0.9998425245285034
1717,Yes,0.8703274130821228
1718,Yes,0.9941428303718567
1719,Yes,0.998878538608551
1720,Yes,0.998706579208374
1721,Yes,0.9988324642181396
1722,Yes,0.999000072479248
1723,Yes,0.9428049325942993
1724,Yes,0.9805927276611328
1725,Yes,0.9941301345825195
1726,Yes,0.9974271059036255
1727,Yes,0.9998859763145447
1728,Yes,0.9998331665992737
1729,Yes,0.9344991445541382
1730,Yes,0.7102014422416687
1731,Yes,0.9990091919898987
1732,Yes,0.9780721664428711
1733,Yes,0.9927080273628235
1734,Yes,0.9682101607322693
1735,Yes,0.9993330240249634
1736,Yes,0.9957143664360046
1737,Yes,0.9995775818824768
1738,Yes,0.9992108941078186
1739,Yes,0.999764621257782
1740,Yes,0.9996798038482666
1741,Yes,0.9974453449249268
1742,Yes,0.9986596703529358
1743,Yes,0.9960008859634399
1744,Yes,0.9981319904327393
1745,Yes,0.7448062300682068
1746,No,0.003321751719340682
1747,Yes,0.6840141415596008
1748,Yes,0.9861999750137329
1749,Yes,0.9997003674507141
1750,Yes,0.9998509287834167
1751,Yes,0.9998668432235718
1752,Yes,0.9998801350593567
1753,Yes,0.9981638789176941
1754,Yes,0.9987781047821045
1755,Yes,0.9992462396621704
1756,Yes,0.9995535016059875
1757,Yes,0.9995251297950745
1758,Yes,0.9955533146858215
1759,Yes,0.998502790927887
1760,Yes,0.9991492033004761
1761,Yes,0.9987025260925293
1762,Yes,0.9991607069969177
1763,Yes,0.848725438117981
1764,Yes,0.9184302091598511
1765,Yes,0.9617214202880859
1766,Yes,0.977344810962677
1767,Yes,0.9992100596427917
1768,Yes,0.9993576407432556
1769,Yes,0.9999492168426514
1770,Yes,0.999941349029541
1771,Yes,0.999926745891571
1772,Yes,0.9999185800552368
1773,Yes,0.9993257522583008
1774,Yes,0.9996269941329956
1775,Yes,0.9994800090789795
1776,Yes,0.9995688796043396
1777,Yes,0.9998297691345215
1778,Yes,0.9998978972434998
1779,Yes,0.9999083280563354
1780,Yes,0.9999328851699829
1781,Yes,0.9966210722923279
1782,Yes,0.9990891814231873
1783,Yes,0.9992737770080566
1784,Yes,0.9995509386062622
1785,Yes,0.9986324310302734
1786,Yes,0.9994878172874451
1787,Yes,0.9990672469139099
1788,Yes,0.9996497631072998
1789,Yes,0.7572588324546814
1790,Yes,0.9450765252113342
1791,Yes,0.6776787042617798
1792,Yes,0.8797579407691956
1793,Yes,0.9954818487167358
1794,Yes,0.9998102188110352
1795,Yes,0.7778529524803162
1796,Yes,0.9908444285392761
1797,Yes,0.9880096912384033
1798,Yes,0.9954617023468018
1799,Yes,0.9996145367622375
1800,Yes,0.9996935129165649
1801,Yes,0.9995589256286621
1802,Yes,0.9997307658195496
1803,Yes,0.9997947216033936
1804,Yes,0.9998466372489929
1805,Yes,0.7616418600082397
1806,Yes,0.9303024411201477
1807,Yes,0.8993291854858398
1808,Yes,0.9342373013496399
1809,Yes,0.9996777772903442
1810,Yes,0.9996351599693298
1811,Yes,0.9997028708457947
1812,Yes,0.999796986579895
1813,Yes,0.9997298717498779
1814,Yes,0.9997445344924927
1815,Yes,0.999661922454834
1816,Yes,0.9997668266296387
1817,Yes,0.9996314644813538
1818,Yes,0.9998927712440491
1819,Yes,0.9996569752693176
1820,Yes,0.9998045563697815
1821,Yes,0.7632936239242554
1822,Yes,0.9918220043182373
1823,Yes,0.9780694842338562
1824,Yes,0.9992600679397583
1825,Yes,0.9992254972457886
1826,Yes,0.9998656511306763
1827,Yes,0.9995831847190857
1828,Yes,0.9998981952667236
1829,Yes,0.9997601509094238
1830,Yes,0.9998766779899597
1831,Yes,0.9994758367538452
1832,Yes,0.9995781183242798
1833,Yes,0.9999256134033203
1834,Yes,0.9999275207519531
1835,Yes,0.9998999238014221
1836,Yes,0.9999026656150818
1837,Yes,0.9977275729179382
1838,Yes,0.9996482133865356
1839,Yes,0.9996128678321838
1840,Yes,0.9996841549873352
1841,Yes,0.9997544288635254
1842,Yes,0.999873161315918
1843,Yes,0.9998319149017334
1844,Yes,0.9998581409454346
1845,Yes,0.9992822408676147
1846,Yes,0.9991780519485474
1847,Yes,0.9996547698974609
1848,Yes,0.9996293783187866
1849,Yes,0.9999073147773743
1850,Yes,0.9999130964279175
1851,Yes,0.999841034412384
1852,Yes,0.9998520016670227
1853,Yes,0.9707345366477966
1854,Yes,0.9914004802703857
1855,Yes,0.9916295409202576
1856,Yes,0.9961040019989014
1857,Yes,0.9997934103012085
1858,Yes,0.9998767375946045
1859,Yes,0.9998857378959656
1860,Yes,0.9999206066131592
1861,Yes,0.6959891319274902
1862,Yes,0.6353822946548462
1863,Yes,0.9749822020530701
1864,Yes,0.8650858402252197
1865,Yes,0.9977050423622131
1866,Yes,0.9991092681884766
1867,Yes,0.9993030428886414
1868,Yes,0.9995955228805542
1869,Yes,0.9977281093597412
1870,Yes,0.9965466856956482
1871,Yes,0.9996480941772461
1872,Yes,0.9995413422584534
1873,Yes,0.9958530068397522
1874,Yes,0.9957563281059265
1875,Yes,0.9992985129356384
1876,Yes,0.99871826171875
1877,Yes,0.9988256692886353
1878,Yes,0.998835563659668
1879,Yes,0.9996262192726135
1880,Yes,0.9993861317634583
1881,Yes,0.9934111833572388
1882,Yes,0.8876615762710571
1883,Yes,0.9981347322463989
1884,Yes,0.9992805123329163
1885,Yes,0.9986997246742249
1886,Yes,0.99944669008255
1887,Yes,0.9719120860099792
1888,Yes,0.9884452819824219
1889,Yes,0.7839825749397278
1890,Yes,0.7790032625198364
1891,Yes,0.7722117304801941
1892,Yes,0.9699428677558899
1893,Yes,0.5853525996208191
1894,Yes,0.8524603843688965
1895,Yes,0.788381814956665
1896,Yes,0.9305947422981262
1897,Yes,0.9982572197914124
1898,Yes,0.9991543292999268
1899,Yes,0.6337071061134338
1900,Yes,0.9127214550971985
1901,Yes,0.999813437461853
1902,Yes,0.9998963475227356
1903,Yes,0.9998338222503662
1904,Yes,0.9999034404754639
1905,Yes,0.9996941089630127
1906,Yes,0.9998053312301636
1907,Yes,0.9998302459716797
1908,Yes,0.9999098181724548
1909,Yes,0.9981347322463989
1910,Yes,0.999712347984314
1911,Yes,0.9998732805252075
1912,Yes,0.9998401403427124
1913,Yes,0.9974505305290222
1914,Yes,0.9854001998901367
1915,Yes,0.9991124272346497
1916,Yes,0.9984742999076843
1917,Yes,0.9990989565849304
1918,Yes,0.9994037747383118
1919,Yes,0.9995017647743225
1920,Yes,0.9994887709617615
1921,Yes,0.9997521042823792
1922,Yes,0.999804675579071
1923,Yes,0.9997227191925049
1924,Yes,0.9997485876083374
1925,Yes,0.9997462630271912
1926,Yes,0.999806821346283
1927,Yes,0.9997921586036682
1928,Yes,0.9998392462730408
1929,Yes,0.9983614087104797
1930,Yes,0.9988108277320862
1931,Yes,0.9993581175804138
1932,Yes,0.9997090101242065
1933,No,0.1662999838590622
1934,Yes,0.502337634563446
1935,Yes,0.9896321296691895
1936,Yes,0.9935488700866699
1937,Yes,0.9997978210449219
1938,Yes,0.999503493309021
1939,Yes,0.9998148083686829
1940,Yes,0.9998076558113098
1941,Yes,0.9998195767402649
1942,Yes,0.9998735189437866
1943,Yes,0.9998577833175659
1944,Yes,0.9998664855957031
1945,Yes,0.829980194568634
1946,Yes,0.7976593375205994
1947,Yes,0.9793480038642883
1948,Yes,0.9846847057342529
1949,Yes,0.9946730732917786
1950,Yes,0.9840307235717773
1951,Yes,0.9984534382820129
1952,Yes,0.993131697177887
1953,No,0.0012884996831417084
1954,No,4.8563779273536056e-05
1955,No,0.24015145003795624
1956,No,0.014063303358852863
1957,Yes,0.7048507332801819
1958,No,0.3178166449069977
1959,Yes,0.9445091485977173
1960,No,0.4867703318595886
1961,Yes,0.9973244071006775
1962,Yes,0.999748945236206
1963,Yes,0.9996636509895325
1964,Yes,0.9998048543930054
1965,Yes,0.776862621307373
1966,Yes,0.9691467881202698
1967,Yes,0.8893664479255676
1968,Yes,0.9969692230224609
1969,Yes,0.9622195363044739
1970,Yes,0.9982797503471375
1971,Yes,0.9879274964332581
1972,Yes,0.9994943737983704
1973,Yes,0.9999312162399292
1974,Yes,0.999935507774353
1975,Yes,0.9999229907989502
1976,Yes,0.9999081492424011
1977,Yes,0.9998156428337097
1978,Yes,0.9998565316200256
1979,Yes,0.9998034238815308
1980,Yes,0.9998112320899963
1981,Yes,0.9997897148132324
1982,Yes,0.999891459941864
1983,Yes,0.999909520149231
1984,Yes,0.9999414682388306
1985,Yes,0.9998432397842407
1986,Yes,0.9997568726539612
1987,Yes,0.9998815655708313
1988,Yes,0.999857485294342
1989,Yes,0.9986807107925415
1990,Yes,0.9991732239723206
1991,Yes,0.9988487362861633
1992,Yes,0.9994483590126038
1993,Yes,0.9994204044342041
1994,Yes,0.9996662735939026
1995,Yes,0.999749481678009
1996,Yes,0.9997930526733398
1997,Yes,0.9960961937904358
1998,Yes,0.9995383024215698
1999,Yes,0.9495762586593628
2000,Yes,0.9898446798324585
2001,Yes,0.9998659491539001
2002,Yes,0.9999373555183411
2003,Yes,0.9999021291732788
2004,Yes,0.9999411106109619
2005,Yes,0.9997496604919434
2006,Yes,0.9999001026153564
2007,Yes,0.9998520016670227
2008,Yes,0.9999427199363708
2009,Yes,0.860676109790802
2010,Yes,0.8890829682350159
2011,Yes,0.9883689880371094
2012,Yes,0.9921810626983643
2013,Yes,0.5045260787010193
2014,Yes,0.5310812592506409
2015,No,0.43171238899230957
2016,Yes,0.5248348712921143
2017,Yes,0.9978449940681458
2018,Yes,0.9989399909973145
2019,Yes,0.9990670680999756
2020,Yes,0.9994252324104309
2021,Yes,0.9996971487998962
2022,Yes,0.9997504353523254
2023,Yes,0.9997839331626892
2024,Yes,0.9997732639312744
2025,Yes,0.9988722801208496
2026,Yes,0.9912750720977783
2027,Yes,0.9995075464248657
2028,Yes,0.9996062517166138
2029,Yes,0.9997075796127319
2030,Yes,0.9998136758804321
2031,Yes,0.9997924566268921
2032,Yes,0.999869704246521
2033,Yes,0.9996412992477417
2034,Yes,0.9998143911361694
2035,Yes,0.9997531175613403
2036,Yes,0.9999047517776489
2037,Yes,0.9998518228530884
2038,Yes,0.9998530745506287
2039,Yes,0.9998161792755127
2040,Yes,0.9997700452804565
2041,Yes,0.9456652998924255
2042,Yes,0.9935652613639832
2043,Yes,0.9912401437759399
2044,Yes,0.9976322650909424
2045,Yes,0.9997059106826782
2046,Yes,0.9998576045036316
2047,Yes,0.9997586607933044
2048,Yes,0.9998746514320374
2049,Yes,0.9984539151191711
2050,Yes,0.9990938305854797
2051,Yes,0.9953746795654297
2052,Yes,0.9961889386177063
2053,Yes,0.9979957342147827
2054,Yes,0.9990640878677368
2055,Yes,0.9992486238479614
2056,Yes,0.9997423887252808
2057,Yes,0.9292352199554443
2058,Yes,0.7970404028892517
2059,Yes,0.5301798582077026
2060,Yes,0.5979437232017517
2061,Yes,0.5528627038002014
2062,Yes,0.8402414321899414
2063,No,0.000292106851702556
2064,No,0.029375912621617317
2065,No,0.1421763002872467
2066,No,0.1963125467300415
2067,No,0.3128771483898163
2068,No,0.15335196256637573
2069,Yes,0.9987274408340454
2070,Yes,0.9960599541664124
2071,Yes,0.9977403879165649
2072,Yes,0.9992543458938599
2073,Yes,0.998747706413269
2074,Yes,0.9980711936950684
2075,Yes,0.9996006488800049
2076,Yes,0.999795138835907
2077,Yes,0.9992914795875549
2078,Yes,0.9994822144508362
2079,Yes,0.9997377395629883
2080,Yes,0.9999231696128845
2081,Yes,0.8562763929367065
2082,Yes,0.9324595332145691
2083,Yes,0.9967581033706665
2084,Yes,0.9978678822517395
2085,Yes,0.9980055689811707
2086,Yes,0.997644305229187
2087,Yes,0.9987906813621521
2088,Yes,0.9992931485176086
2089,Yes,0.9952957034111023
2090,Yes,0.9983772039413452
2091,Yes,0.997359573841095
2092,Yes,0.9989410042762756
2093,Yes,0.9723415374755859
2094,Yes,0.9932746887207031
2095,Yes,0.9554563760757446
2096,Yes,0.9821993112564087
2097,Yes,0.9995256066322327
2098,Yes,0.9995518326759338
2099,Yes,0.5563374757766724
2100,Yes,0.8900083899497986
2101,Yes,0.9992923140525818
2102,Yes,0.943374514579773
2103,Yes,0.9998350739479065
2104,Yes,0.9998757839202881
2105,Yes,0.9998195767402649
2106,Yes,0.999862790107727
2107,Yes,0.9998924732208252
2108,Yes,0.9999003410339355
2109,Yes,0.9986577033996582
2110,Yes,0.9991623759269714
2111,Yes,0.9974161386489868
2112,Yes,0.9961522221565247
2113,Yes,0.973089873790741
2114,Yes,0.9802424311637878
2115,Yes,0.989615261554718
2116,Yes,0.9967029094696045
2117,Yes,0.9995498657226562
2118,Yes,0.9994015097618103
2119,Yes,0.9995847344398499
2120,Yes,0.9998007416725159
2121,Yes,0.9984921216964722
2122,Yes,0.9997944831848145
2123,Yes,0.9991670846939087
2124,Yes,0.9999080300331116
2125,Yes,0.999765157699585
2126,Yes,0.999684751033783
2127,Yes,0.9999037981033325
2128,Yes,0.9998494982719421
2129,Yes,0.9638507962226868
2130,Yes,0.8809764385223389
2131,Yes,0.942557692527771
2132,Yes,0.9741303324699402
2133,No,0.22554248571395874
2134,No,0.4902791380882263
2135,No,0.1940021961927414
2136,No,0.3331926167011261
2137,Yes,0.9997746348381042
2138,Yes,0.9997237324714661
2139,Yes,0.9992772936820984
2140,Yes,0.9991024732589722
2141,Yes,0.9999142289161682
2142,Yes,0.9999274015426636
2143,Yes,0.9999099373817444
2144,Yes,0.9999099373817444
2145,Yes,0.978439450263977
2146,Yes,0.9988333582878113
2147,Yes,0.9992916584014893
2148,Yes,0.9994070529937744
2149,Yes,0.9998048543930054
2150,Yes,0.9998785257339478
2151,Yes,0.9998599886894226
2152,Yes,0.9999083280563354
2153,Yes,0.9766027927398682
2154,Yes,0.9849175214767456
2155,Yes,0.9913610219955444
2156,Yes,0.9977670311927795
2157,Yes,0.9632992148399353
2158,Yes,0.990393877029419
2159,Yes,0.9885351657867432
2160,Yes,0.99116051197052
2161,Yes,0.795197069644928
2162,Yes,0.9637112021446228
2163,Yes,0.9935636520385742
2164,Yes,0.9608597159385681
2165,Yes,0.9578909277915955
2166,Yes,0.924523651599884
2167,Yes,0.9565348029136658
2168,Yes,0.9298481345176697
2169,Yes,0.9993116855621338
2170,Yes,0.9990077018737793
2171,Yes,0.8714451193809509
2172,Yes,0.8684740662574768
2173,Yes,0.9988420605659485
2174,Yes,0.9992014765739441
2175,Yes,0.999603807926178
2176,Yes,0.9997260570526123
2177,Yes,0.9785441756248474
2178,Yes,0.9948196411132812
2179,Yes,0.9974169731140137
2180,Yes,0.9989361763000488
2181,Yes,0.9978574514389038
2182,Yes,0.9994842410087585
2183,Yes,0.9996029138565063
2184,Yes,0.9997493624687195
2185,Yes,0.9997899532318115
2186,Yes,0.9998306632041931
2187,Yes,0.9998758435249329
2188,Yes,0.9999184608459473
2189,Yes,0.8785752654075623
2190,Yes,0.9913644790649414
2191,Yes,0.9845725893974304
2192,Yes,0.998222827911377
2193,Yes,0.9980355501174927
2194,Yes,0.9996457099914551
2195,Yes,0.997807502746582
2196,Yes,0.9994725584983826
2197,Yes,0.9733686447143555
2198,Yes,0.9876284599304199
2199,Yes,0.9982485175132751
2200,Yes,0.9989201426506042
2201,Yes,0.9995846152305603
2202,Yes,0.9986279606819153
2203,Yes,0.9996969103813171
2204,Yes,0.9997469186782837
2205,Yes,0.9997386336326599
2206,Yes,0.9998015761375427
2207,Yes,0.9998176097869873
2208,Yes,0.9998335242271423
2209,Yes,0.9991506338119507
2210,Yes,0.9994643926620483
2211,Yes,0.9995157718658447
2212,Yes,0.999595582485199
2213,Yes,0.9991851449012756
2214,Yes,0.9995126724243164
2215,Yes,0.9997476935386658
2216,Yes,0.9997152090072632
2217,No,0.024874497205018997
2218,No,0.1338924616575241
2219,Yes,0.9535683393478394
2220,Yes,0.9784004092216492
2221,Yes,0.9998716711997986
2222,Yes,0.9999101758003235
2223,Yes,0.9998731017112732
2224,Yes,0.999897301197052
2225,Yes,0.9999175071716309
2226,Yes,0.9999237060546875
2227,Yes,0.9998837113380432
2228,Yes,0.9998831152915955
2229,Yes,0.9998350739479065
2230,Yes,0.999828577041626
2231,Yes,0.9997609257698059
2232,Yes,0.9997626543045044
2233,Yes,0.99980229139328
2234,Yes,0.9998857378959656
2235,Yes,0.9999094009399414
2236,Yes,0.9999362826347351
2237,Yes,0.9995259046554565
2238,Yes,0.999550461769104
2239,Yes,0.9995839595794678
2240,Yes,0.9995656609535217
2241,Yes,0.9996590614318848
2242,Yes,0.9998840093612671
2243,Yes,0.9998716115951538
2244,Yes,0.9998902082443237
2245,Yes,0.973435640335083
2246,Yes,0.939616858959198
2247,Yes,0.9990665912628174
2248,Yes,0.9988946318626404
2249,No,0.061557646840810776
2250,No,0.029596099629998207
2251,Yes,0.6720857620239258
2252,Yes,0.550538957118988
2253,Yes,0.9991616606712341
2254,Yes,0.9995840787887573
2255,Yes,0.9996328353881836
2256,Yes,0.9996989369392395
2257,Yes,0.9977107644081116
2258,Yes,0.9973089694976807
2259,Yes,0.9993155002593994
2260,Yes,0.9991819262504578
2261,Yes,0.6563302278518677
2262,Yes,0.9342789053916931
2263,Yes,0.9045308232307434
2264,Yes,0.9802664518356323
2265,Yes,0.9943271279335022
2266,Yes,0.9252445101737976
2267,Yes,0.8410497903823853
2268,Yes,0.9938801527023315
2269,Yes,0.9976063966751099
2270,Yes,0.9993582367897034
2271,No,0.4372817277908325
2272,Yes,0.8929868340492249
2273,Yes,0.9326204061508179
2274,Yes,0.9221339225769043
2275,Yes,0.9927276968955994
2276,Yes,0.9890906810760498
2277,Yes,0.998322606086731
2278,Yes,0.9988328218460083
2279,Yes,0.9995205998420715
2280,Yes,0.9993911981582642
2281,Yes,0.9962566494941711
2282,Yes,0.9971071481704712
2283,Yes,0.9896445870399475
2284,Yes,0.9934364557266235
2285,Yes,0.9989984631538391
2286,Yes,0.9996417164802551
2287,Yes,0.9996932148933411
2288,Yes,0.9998070001602173
2289,Yes,0.9874693155288696
2290,No,0.3709876537322998
2291,Yes,0.9708365201950073
2292,Yes,0.9917304515838623
2293,Yes,0.9987648725509644
2294,Yes,0.9996705055236816
2295,Yes,0.9975534081459045
2296,Yes,0.9987693428993225
2297,Yes,0.9990925192832947
2298,Yes,0.9994847774505615
2299,Yes,0.5877993702888489
2300,Yes,0.8619935512542725
2301,Yes,0.9981484413146973
2302,Yes,0.9977179765701294
2303,Yes,0.9960419535636902
2304,Yes,0.9966629147529602
2305,Yes,0.9986415505409241
2306,Yes,0.9998904466629028
2307,Yes,0.999779462814331
2308,Yes,0.9998326897621155
2309,Yes,0.9997462630271912
2310,Yes,0.9998561143875122
2311,Yes,0.9998539686203003
2312,Yes,0.9998643398284912
2313,Yes,0.9908292889595032
2314,Yes,0.9978983998298645
2315,Yes,0.988307774066925
2316,Yes,0.9988438487052917
2317,Yes,0.9999178051948547
2318,Yes,0.9998916387557983
2319,Yes,0.9999154806137085
2320,Yes,0.9998599886894226
2321,Yes,0.9999017119407654
2322,Yes,0.9999223947525024
2323,Yes,0.9998830556869507
2324,Yes,0.9998903274536133
2325,Yes,0.999753475189209
2326,Yes,0.9998958706855774
2327,Yes,0.9999272227287292
2328,Yes,0.9998974800109863
2329,Yes,0.7458237409591675
2330,Yes,0.9859210252761841
2331,Yes,0.9993237853050232
2332,Yes,0.9996501803398132
2333,Yes,0.9998073577880859
2334,Yes,0.9998742938041687
2335,Yes,0.9998793005943298
2336,Yes,0.9998943209648132
2337,Yes,0.9997175335884094
2338,Yes,0.99929279088974
2339,Yes,0.9997639656066895
2340,Yes,0.9996615648269653
2341,Yes,0.9997923970222473
2342,Yes,0.9998571276664734
2343,Yes,0.9998920559883118
2344,Yes,0.9999217987060547
2345,Yes,0.7116790413856506
2346,No,0.43770843744277954
2347,Yes,0.9846646189689636
2348,Yes,0.9601584076881409
2349,Yes,0.9985764026641846
2350,Yes,0.997399091720581
2351,Yes,0.9993487596511841
2352,Yes,0.9993614554405212
2353,Yes,0.7951363325119019
2354,Yes,0.972182035446167
2355,Yes,0.9293164014816284
2356,Yes,0.9888067245483398
2357,Yes,0.9997034668922424
2358,Yes,0.9998711943626404
2359,Yes,0.9997920989990234
2360,Yes,0.999880313873291
2361,Yes,0.9995797276496887
2362,Yes,0.999808669090271
2363,Yes,0.9997503161430359
2364,Yes,0.9998444318771362
2365,Yes,0.9997208714485168
2366,Yes,0.9998071193695068
2367,Yes,0.9997758269309998
2368,Yes,0.9998696446418762
2369,Yes,0.9640660881996155
2370,Yes,0.9828604459762573
2371,Yes,0.9936248064041138
2372,Yes,0.9953770637512207
2373,Yes,0.860355794429779
2374,Yes,0.5948711633682251
2375,Yes,0.9967584609985352
2376,Yes,0.9941725134849548
2377,Yes,0.997215211391449
2378,Yes,0.9982298016548157
2379,Yes,0.9968342781066895
2380,Yes,0.9989832043647766
2381,No,0.08354698866605759
2382,Yes,0.9906949400901794
2383,No,0.035281892865896225
2384,Yes,0.9985145330429077
2385,Yes,0.552371084690094
2386,Yes,0.9966505765914917
2387,No,0.31175053119659424
2388,Yes,0.9955278635025024
2389,Yes,0.9987526535987854
2390,Yes,0.999229907989502
2391,Yes,0.9994774460792542
2392,Yes,0.9996837973594666
2393,Yes,0.9990422129631042
2394,Yes,0.9979378581047058
2395,Yes,0.9994635581970215
2396,Yes,0.9992947578430176
2397,Yes,0.9990200996398926
2398,Yes,0.999706506729126
2399,Yes,0.9981783032417297
2400,Yes,0.9995132088661194
2401,Yes,0.6181210875511169
2402,Yes,0.9026552438735962
2403,Yes,0.9551860094070435
2404,Yes,0.9922307729721069
2405,No,0.0007553884061053395
2406,No,0.0011776878964155912
2407,No,0.0007283399463631213
2408,No,0.00023028533905744553
2409,No,0.0009211248834617436
2410,No,0.0003599288174882531
2411,No,0.0005128962802700698
2412,No,0.00012712078751064837
2413,Yes,0.8340032696723938
2414,Yes,0.9797606468200684
2415,Yes,0.9974672794342041
2416,Yes,0.9996304512023926
2417,Yes,0.9995665550231934
2418,Yes,0.9998231530189514
2419,Yes,0.999765157699585
2420,Yes,0.9998798966407776
2421,Yes,0.6799028515815735
2422,Yes,0.6611122488975525
2423,Yes,0.7363102436065674
2424,Yes,0.8866342306137085
2425,Yes,0.9997090697288513
2426,Yes,0.9998928904533386
2427,Yes,0.9999206066131592
2428,Yes,0.9999147653579712
2429,Yes,0.9984989762306213
2430,Yes,0.9993429780006409
2431,Yes,0.9997088313102722
2432,Yes,0.999775767326355
2433,Yes,0.9890094995498657
2434,Yes,0.9987136721611023
2435,Yes,0.9974192380905151
2436,Yes,0.998968243598938
2437,Yes,0.9998564124107361
2438,Yes,0.9998602271080017
2439,Yes,0.9998023509979248
2440,Yes,0.9998385906219482
2441,No,0.34844398498535156
2442,Yes,0.5677255988121033
2443,Yes,0.9963573813438416
2444,Yes,0.9914145469665527
2445,Yes,0.9995924830436707
2446,Yes,0.9998447299003601
2447,Yes,0.9998698830604553
2448,Yes,0.9998512864112854
2449,Yes,0.9997473955154419
2450,Yes,0.9998372793197632
2451,Yes,0.9998288154602051
2452,Yes,0.9998828768730164
2453,Yes,0.9995683431625366
2454,Yes,0.9997519254684448
2455,Yes,0.9998093247413635
2456,Yes,0.9998207092285156
2457,Yes,0.9979698657989502
2458,Yes,0.9988517761230469
2459,Yes,0.9986628293991089
2460,Yes,0.9993656873703003
2461,Yes,0.9998313188552856
2462,Yes,0.9997738003730774
2463,Yes,0.9998543858528137
2464,Yes,0.9998085498809814
2465,Yes,0.9955218434333801
2466,Yes,0.9995673894882202
2467,Yes,0.9992133378982544
2468,Yes,0.9994716048240662
2469,Yes,0.9995562434196472
2470,Yes,0.9996570944786072
2471,Yes,0.9997045397758484
2472,Yes,0.9996883273124695
2473,Yes,0.986998438835144
2474,Yes,0.9948487877845764
2475,Yes,0.9985249638557434
2476,Yes,0.9986587762832642
2477,Yes,0.9996669292449951
2478,Yes,0.9994270205497742
2479,Yes,0.999836802482605
2480,Yes,0.9998430609703064
2481,Yes,0.9894803762435913
2482,Yes,0.9849939346313477
2483,Yes,0.9929649829864502
2484,Yes,0.9932828545570374
2485,Yes,0.9997441172599792
2486,Yes,0.9996199607849121
2487,Yes,0.9997561573982239
2488,Yes,0.9998005032539368
2489,Yes,0.9995869994163513
2490,Yes,0.9996789693832397
2491,Yes,0.9997561573982239
2492,Yes,0.9997979402542114
2493,Yes,0.9997633099555969
2494,Yes,0.9999060034751892
2495,Yes,0.9998155236244202
2496,Yes,0.9998693466186523
2497,Yes,0.9955806136131287
2498,Yes,0.9976356029510498
2499,Yes,0.9991562962532043
2500,Yes,0.9990460276603699
2501,Yes,0.9973559379577637
2502,Yes,0.997591495513916
2503,Yes,0.9947782754898071
2504,Yes,0.9958608746528625
2505,Yes,0.9996115565299988
2506,Yes,0.9997784495353699
2507,Yes,0.9997973442077637
2508,Yes,0.9998932480812073
2509,Yes,0.9835052490234375
2510,Yes,0.9965915679931641
2511,Yes,0.8015279769897461
2512,Yes,0.9970174431800842
2513,Yes,0.9996045231819153
2514,Yes,0.9997803568840027
2515,Yes,0.9996445775032043
2516,Yes,0.999849259853363
2517,Yes,0.9991381764411926
2518,Yes,0.9996873736381531
2519,Yes,0.9997705817222595
2520,Yes,0.999789297580719
2521,Yes,0.9996377229690552
2522,Yes,0.9999023079872131
2523,Yes,0.9998852610588074
2524,Yes,0.999923050403595
2525,Yes,0.9994885325431824
2526,Yes,0.9998301863670349
2527,Yes,0.9998424649238586
2528,Yes,0.9998968839645386
2529,Yes,0.9995506405830383
2530,Yes,0.9997912645339966
2531,Yes,0.999739408493042
2532,Yes,0.9998913407325745
2533,Yes,0.6020476222038269
2534,No,0.1780262142419815
2535,Yes,0.9856166243553162
2536,Yes,0.9926425218582153
2537,Yes,0.6303889751434326
2538,Yes,0.8212068676948547
2539,Yes,0.9417884945869446
2540,Yes,0.9163678884506226
2541,Yes,0.9998745918273926
2542,Yes,0.9998009204864502
2543,Yes,0.9996931552886963
2544,Yes,0.9996508955955505
2545,Yes,0.999894380569458
2546,Yes,0.9998638033866882
2547,Yes,0.9998735785484314
2548,Yes,0.9998490214347839
2549,Yes,0.9983447194099426
2550,Yes,0.9988414645195007
2551,Yes,0.999397873878479
2552,Yes,0.9987828135490417
2553,Yes,0.9998043179512024
2554,Yes,0.9998818635940552
2555,Yes,0.9997987747192383
2556,Yes,0.9999160170555115
2557,Yes,0.9992113709449768
2558,Yes,0.9991538524627686
2559,Yes,0.9943856596946716
2560,Yes,0.9968574643135071
2561,Yes,0.9416229128837585
2562,Yes,0.9913182854652405
2563,Yes,0.9862322211265564
2564,Yes,0.997119665145874
2565,No,0.4768226444721222
2566,Yes,0.7342323660850525
2567,Yes,0.7336736917495728
2568,Yes,0.7950000762939453
2569,No,0.15241947770118713
2570,Yes,0.5878284573554993
2571,No,0.38721975684165955
2572,Yes,0.5723403096199036
2573,Yes,0.9968684911727905
2574,Yes,0.9987393617630005
2575,Yes,0.9985328912734985
2576,Yes,0.9993411898612976
2577,Yes,0.9700621366500854
2578,Yes,0.9890391230583191
2579,Yes,0.9994804859161377
2580,Yes,0.9995865821838379
2581,Yes,0.9982114434242249
2582,Yes,0.997248113155365
2583,Yes,0.9994915127754211
2584,Yes,0.9993900656700134
2585,Yes,0.9997714757919312
2586,Yes,0.9998332858085632
2587,Yes,0.9998756051063538
2588,Yes,0.9998782873153687
2589,Yes,0.9996436834335327
2590,Yes,0.9994997978210449
2591,Yes,0.9998096823692322
2592,Yes,0.9998085498809814
2593,Yes,0.9976719617843628
2594,Yes,0.9991672039031982
2595,Yes,0.9986796975135803
2596,Yes,0.9994556903839111
2597,Yes,0.9878613948822021
2598,Yes,0.997683048248291
2599,Yes,0.997800886631012
2600,Yes,0.9989525079727173
2601,Yes,0.9886413216590881
2602,Yes,0.9975389838218689
2603,Yes,0.9982298016548157
2604,Yes,0.9993060827255249
