model,question_id
lm,747
vlm,747
lm,9985
vlm,9985
lm,9986
vlm,9986
lm,9988
vlm,9988
lm,14551
vlm,14551
lm,14553
vlm,14553
lm,14573
vlm,14573
lm,14576
vlm,14576
lm,17752
vlm,17752
lm,25667
vlm,25667
lm,55233
vlm,55233
vlm,55235
lm,68719
vlm,68719
lm,68721
vlm,68721
lm,68722
vlm,68722
lm,74635
vlm,74635
lm,77825
vlm,77825
lm,77826
vlm,77826
lm,77829
vlm,77829
lm,78509
vlm,78509
lm,78510
vlm,78510
lm,78512
vlm,78512
lm,82840
vlm,82840
lm,84163
vlm,84163
vlm,84165
lm,91082
vlm,91082
lm,91084
vlm,91084
lm,106326
vlm,106326
lm,106333
vlm,106333
lm,106413
vlm,106413
lm,106415
vlm,106415
lm,107131
vlm,107131
lm,107132
vlm,107132
vlm,107136
lm,111332
vlm,111332
lm,131515
vlm,131515
lm,131517
vlm,131517
lm,135359
vlm,135359
lm,135362
vlm,135362
lm,136690
vlm,136690
lm,136691
vlm,136691
lm,139133
vlm,139133
lm,139187
vlm,139187
vlm,143981
lm,143982
vlm,143982
lm,143985
vlm,143985
lm,161554
vlm,161554
lm,162374
vlm,162374
lm,162375
vlm,162375
lm,162378
vlm,162378
lm,179798
vlm,179798
lm,179799
vlm,179799
lm,179801
vlm,179801
lm,179809
vlm,179809
lm,179811
vlm,179811
lm,182083
vlm,182083
lm,183305
vlm,183305
lm,183309
vlm,183309
lm,186630
vlm,186630
lm,193566
vlm,193566
lm,193568
vlm,193568
lm,193569
vlm,193569
lm,193570
vlm,193570
lm,193919
vlm,193919
lm,193933
vlm,193933
lm,193934
vlm,193934
lm,201672
vlm,201672
lm,201673
vlm,201673
lm,201676
vlm,201676
lm,201677
vlm,201677
lm,202681
vlm,202681
lm,202686
vlm,202686
vlm,211096
lm,216502
vlm,216502
lm,216752
vlm,216752
lm,216777
vlm,216777
lm,219823
vlm,219823
lm,219825
vlm,219825
lm,254961
vlm,254961
lm,254962
vlm,254962
lm,254964
vlm,254964
lm,254987
vlm,254987
vlm,254989
vlm,265169
lm,270155
vlm,270155
lm,280597
vlm,280597
lm,280601
vlm,280601
lm,285018
vlm,285018
lm,285019
vlm,285019
lm,285022
vlm,285022
lm,285037
vlm,285037
lm,285090
vlm,285090
lm,301137
vlm,301137
lm,301139
vlm,301139
lm,301140
vlm,301140
lm,307399
vlm,307399
lm,307402
vlm,307402
lm,313900
vlm,313900
lm,313903
vlm,313903
lm,313972
vlm,313972
lm,313975
vlm,313975
lm,316506
vlm,316506
lm,316508
vlm,316508
lm,316522
vlm,316522
lm,316523
vlm,316523
lm,316525
vlm,316525
lm,316553
vlm,316553
lm,316555
vlm,316555
lm,324650
vlm,324650
lm,324652
vlm,324652
lm,324653
vlm,324653
lm,333675
vlm,333675
lm,333677
vlm,333677
vlm,337869
lm,379950
vlm,379950
lm,397540
vlm,397540
lm,397544
vlm,397544
lm,407312
vlm,407312
vlm,407315
vlm,407316
lm,413845
vlm,413845
lm,413846
vlm,413846
lm,415282
vlm,415282
lm,415283
vlm,415283
lm,415284
vlm,415284
lm,440485
vlm,440485
lm,440487
vlm,440487
lm,449474
vlm,449474
lm,449475
vlm,449475
lm,449476
vlm,449476
lm,449478
vlm,449478
lm,453078
vlm,453078
lm,459705
vlm,459705
lm,462480
vlm,462480
lm,462482
vlm,462482
lm,462523
vlm,462523
lm,462525
vlm,462525
lm,475187
vlm,475187
lm,475189
vlm,475189
lm,477762
vlm,477762
lm,477767
vlm,477767
lm,477769
vlm,477769
lm,514102
vlm,514102
lm,514104
vlm,514104
lm,514105
vlm,514105
lm,514119
vlm,514119
lm,544886
vlm,544886
lm,544888
vlm,544888
lm,544889
vlm,544889
lm,544912
vlm,544912
lm,549596
vlm,549596
lm,549598
vlm,549598
lm,554744
vlm,554744
lm,554745
vlm,554745
lm,554747
vlm,554747
lm,565589
vlm,565589
lm,565591
vlm,565591
lm,565592
vlm,565592
lm,577680
vlm,577680
lm,577684
vlm,577684
lm,577685
vlm,577685
lm,586142
vlm,586142
lm,586145
vlm,586145
lm,586146
vlm,586146
lm,610150
vlm,610150
lm,620518
vlm,620518
lm,620520
vlm,620520
vlm,624772
vlm,624777
lm,639942
vlm,639942
lm,640049
vlm,640049
vlm,640051
lm,644037
vlm,644037
lm,688845
vlm,688845
lm,688847
vlm,688847
lm,690541
vlm,690541
lm,696984
vlm,696984
lm,696987
vlm,696987
lm,700943
vlm,700943
lm,701003
vlm,701003
lm,701005
vlm,701005
lm,724262
vlm,724262
lm,727816
vlm,727816
lm,737619
vlm,737619
vlm,737621
lm,747885
vlm,747885
lm,750116
vlm,750116
lm,760179
vlm,760179
lm,760181
vlm,760181
lm,760182
vlm,760182
lm,770866
vlm,770866
lm,770867
vlm,770867
lm,770869
vlm,770869
lm,770870
vlm,770870
lm,770871
vlm,770871
vlm,788186
vlm,789529
lm,789530
vlm,789530
lm,803737
vlm,803737
lm,803771
vlm,803771
lm,803773
vlm,803773
lm,824117
vlm,824117
lm,824120
vlm,824120
lm,835656
vlm,835656
lm,835658
vlm,835658
lm,839831
vlm,839831
lm,844304
vlm,844304
lm,844305
vlm,844305
lm,853977
vlm,853977
lm,866824
vlm,866824
lm,866826
vlm,866826
lm,871460
vlm,871460
lm,871508
vlm,871508
lm,871509
vlm,871509
lm,885539
vlm,885539
lm,885542
vlm,885542
lm,885544
vlm,885544
lm,906844
vlm,906844
lm,906885
vlm,906885
lm,906888
vlm,906888
lm,919516
vlm,919516
lm,919517
vlm,919517
lm,919519
vlm,919519
lm,919632
vlm,919632
lm,919637
vlm,919637
lm,924953
vlm,924953
lm,924954
vlm,924954
lm,924956
vlm,924956
lm,935951
vlm,935951
lm,946035
vlm,946035
lm,946036
vlm,946036
lm,965217
vlm,965217
lm,965218
vlm,965218
lm,975573
vlm,975573
lm,975575
vlm,975575
lm,984595
vlm,984595
lm,993278
vlm,993278
lm,1016765
vlm,1016765
lm,1016767
vlm,1016767
lm,1033697
vlm,1033697
lm,1033698
vlm,1033698
lm,1033825
vlm,1033825
lm,1033826
vlm,1033826
lm,1033828
vlm,1033828
lm,1033836
vlm,1033836
lm,1033838
vlm,1033838
lm,1051880
vlm,1051880
lm,1052872
vlm,1052872
lm,1062987
vlm,1062987
lm,1062989
vlm,1062989
lm,1104693
vlm,1104693
lm,1118101
vlm,1118101
lm,1118149
vlm,1118149
lm,1118151
vlm,1118151
lm,1124265
vlm,1124265
lm,1124555
vlm,1124555
lm,1131920
vlm,1131920
lm,1160781
vlm,1160781
lm,1177802
vlm,1177802
lm,1177805
vlm,1177805
lm,1177973
vlm,1177973
lm,1177975
vlm,1177975
lm,1179502
vlm,1179502
lm,1179503
vlm,1179503
lm,1179505
vlm,1179505
lm,1182893
vlm,1182893
lm,1182897
vlm,1182897
lm,1182898
vlm,1182898
lm,1182946
vlm,1182946
lm,1182947
vlm,1182947
vlm,1182950
lm,1188154
vlm,1188154
lm,1188182
vlm,1188182
lm,1188183
vlm,1188183
lm,1188184
vlm,1188184
lm,1188188
vlm,1188188
lm,1190595
vlm,1190595
vlm,1190598
lm,1190605
vlm,1190605
lm,1209249
vlm,1209249
lm,1209251
vlm,1209251
lm,1218857
vlm,1218857
lm,1218882
vlm,1218882
lm,1228999
vlm,1228999
vlm,1229003
lm,1229015
vlm,1229015
lm,1243069
vlm,1243069
lm,1243070
vlm,1243070
lm,1243071
vlm,1243071
lm,1275317
vlm,1275317
lm,1275334
vlm,1275334
lm,1284094
vlm,1284094
lm,1284095
vlm,1284095
lm,1284096
vlm,1284096
lm,1286870
vlm,1286870
lm,1286871
vlm,1286871
vlm,1286886
lm,1286889
vlm,1286889
lm,1298287
vlm,1298287
lm,1298289
vlm,1298289
lm,1298290
vlm,1298290
lm,1325595
vlm,1325595
lm,1325596
vlm,1325596
lm,1325598
vlm,1325598
lm,1346808
vlm,1346808
lm,1351216
vlm,1351216
lm,1355575
vlm,1355575
lm,1355594
vlm,1355594
lm,1355595
vlm,1355595
lm,1355597
vlm,1355597
lm,1355598
vlm,1355598
lm,1368234
vlm,1368234
lm,1369457
vlm,1369457
vlm,1369460
lm,1370586
vlm,1370586
vlm,1370590
lm,1370591
vlm,1370591
lm,1373550
vlm,1373550
lm,1373552
vlm,1373552
lm,1384979
vlm,1384979
lm,1384980
vlm,1384980
lm,1384983
vlm,1384983
lm,1391663
vlm,1391663
lm,1391665
vlm,1391665
lm,1391898
vlm,1391898
lm,1393374
vlm,1393374
vlm,1396050
lm,1400212
vlm,1400212
lm,1400239
vlm,1400239
lm,1400244
vlm,1400244
lm,1424801
vlm,1424801
lm,1424834
vlm,1424834
lm,1424837
vlm,1424837
lm,1424850
vlm,1424850
lm,1432060
vlm,1432060
lm,1432063
vlm,1432063
lm,1452028
vlm,1452028
lm,1452029
vlm,1452029
lm,1463289
vlm,1463289
lm,1468977
vlm,1468977
lm,1475762
vlm,1475762
lm,1476400
vlm,1476400
lm,1476403
vlm,1476403
lm,1481683
vlm,1481683
lm,1481699
vlm,1481699
lm,1495253
vlm,1495253
lm,1495255
vlm,1495255
lm,1497242
vlm,1497242
lm,1523436
vlm,1523436
lm,1523439
vlm,1523439
lm,1528261
vlm,1528261
lm,1528262
vlm,1528262
lm,1536461
vlm,1536461
lm,1536462
vlm,1536462
vlm,1601603
lm,1601618
vlm,1601618
lm,1601621
vlm,1601621
lm,1601666
vlm,1601666
lm,1601668
vlm,1601668
lm,1606300
vlm,1606300
lm,1606306
vlm,1606306
lm,1606308
vlm,1606308
vlm,1616409
lm,1621450
vlm,1621450
lm,1621452
vlm,1621452
lm,1627546
vlm,1627546
lm,1657044
vlm,1657044
lm,1672302
vlm,1672302
lm,1737842
vlm,1737842
lm,1737845
vlm,1737845
lm,1744433
vlm,1744433
lm,1744435
vlm,1744435
lm,1757469
vlm,1757469
lm,1777252
vlm,1777252
lm,1777253
vlm,1777253
lm,1784657
vlm,1784657
lm,1784658
vlm,1784658
lm,1784661
vlm,1784661
lm,1791988
vlm,1791988
lm,1791997
vlm,1791997
lm,1792001
vlm,1792001
lm,1827572
vlm,1827572
lm,1830387
vlm,1830387
lm,1830388
vlm,1830388
lm,1860567
vlm,1860567
lm,1860763
vlm,1860763
vlm,1860765
lm,1862080
lm,1862082
vlm,1862082
lm,1862100
vlm,1862100
lm,1862102
vlm,1862102
lm,1871655
vlm,1871655
lm,1871656
vlm,1871656
lm,1871657
vlm,1871657
lm,1871659
vlm,1871659
lm,1890241
vlm,1890241
vlm,1890243
lm,1893614
vlm,1893614
lm,1893617
vlm,1893617
vlm,1893618
vlm,1946971
lm,1946974
vlm,1946974
lm,1949120
vlm,1949120
vlm,1949890
lm,1949913
vlm,1949913
lm,1956719
vlm,1956719
lm,1956720
vlm,1956720
lm,1959548
vlm,1959548
vlm,1959590
lm,1969441
vlm,1969441
lm,1969589
vlm,1969589
lm,1996734
vlm,1996734
lm,1996931
vlm,1996931
lm,2110053
vlm,2110053
vlm,2110054
lm,2133475
vlm,2133475
lm,2161079
vlm,2161079
lm,2162492
vlm,2162492
lm,2162498
vlm,2162498
lm,2162499
vlm,2162499
lm,2190786
vlm,2190786
lm,2190789
vlm,2190789
lm,2198913
vlm,2198913
lm,2198915
vlm,2198915
lm,2201111
vlm,2201111
lm,2201116
vlm,2201116
lm,2223596
vlm,2223596
lm,2223597
vlm,2223597
lm,2223789
vlm,2223789
lm,2257963
vlm,2257963
lm,2303206
vlm,2303206
lm,2304423
vlm,2304423
lm,2310223
vlm,2310223
lm,2310224
vlm,2310224
lm,2320856
vlm,2320856
lm,2330584
vlm,2330584
vlm,2330586
lm,2352310
vlm,2352310
lm,2352311
vlm,2352311
lm,2352317
vlm,2352317
lm,2359034
vlm,2359034
lm,2359035
vlm,2359035
lm,2429101
vlm,2429101
vlm,2429125
lm,2509314
vlm,2509314
lm,2513129
vlm,2513129
lm,2513130
vlm,2513130
lm,2513132
vlm,2513132
lm,2513890
vlm,2513890
lm,2513892
vlm,2513892
lm,2513926
vlm,2513926
lm,2513952
vlm,2513952
vlm,2521274
lm,2521312
vlm,2521312
lm,2521314
vlm,2521314
lm,2550854
vlm,2550854
lm,2550858
vlm,2550858
lm,2553964
vlm,2553964
lm,2553966
vlm,2553966
lm,2591016
vlm,2591016
lm,2591018
vlm,2591018
lm,2632619
vlm,2632619
lm,2653675
vlm,2653675
lm,2653676
vlm,2653676
lm,2653677
vlm,2653677
lm,2653679
vlm,2653679
lm,2653680
vlm,2653680
lm,2653681
vlm,2653681
lm,2672008
vlm,2672008
lm,2672010
vlm,2672010
lm,2703772
vlm,2703772
lm,2703773
vlm,2703773
lm,2703777
vlm,2703777
lm,2703778
vlm,2703778
lm,2703779
vlm,2703779
lm,2703780
vlm,2703780
lm,2704749
vlm,2704749
lm,2704751
vlm,2704751
lm,2720999
vlm,2720999
lm,2721001
vlm,2721001
lm,2732876
vlm,2732876
lm,2732877
vlm,2732877
lm,2732879
vlm,2732879
lm,2732880
vlm,2732880
lm,2732881
vlm,2732881
lm,2751628
vlm,2751628
lm,2751631
vlm,2751631
lm,2751688
vlm,2751688
lm,2759769
vlm,2759769
lm,2759771
vlm,2759771
lm,2759879
vlm,2759879
lm,2763737
vlm,2763737
lm,2763738
vlm,2763738
lm,2785146
vlm,2785146
lm,2785167
vlm,2785167
lm,2785186
vlm,2785186
lm,2785188
vlm,2785188
lm,2785189
vlm,2785189
lm,2800495
vlm,2800495
lm,2822821
vlm,2822821
lm,2822822
vlm,2822822
lm,2841512
vlm,2841512
lm,2851336
vlm,2851336
lm,2853541
vlm,2853541
lm,2853543
vlm,2853543
lm,2885015
vlm,2885015
lm,2885018
vlm,2885018
lm,2885020
vlm,2885020
lm,2885021
vlm,2885021
lm,2897303
vlm,2897303
lm,2897304
vlm,2897304
lm,2897306
vlm,2897306
lm,2897358
vlm,2897358
lm,2932802
vlm,2932802
lm,3153264
vlm,3153264
lm,3153456
vlm,3153456
lm,3154082
vlm,3154082
lm,3154095
vlm,3154095
lm,3154097
vlm,3154097
lm,3168354
vlm,3168354
lm,3168358
vlm,3168358
lm,3168380
vlm,3168380
lm,3202901
vlm,3202901
lm,3204150
vlm,3204150
lm,3204152
vlm,3204152
lm,3210318
vlm,3210318
lm,3210376
vlm,3210376
lm,3210377
vlm,3210377
lm,3210385
vlm,3210385
lm,3210424
vlm,3210424
vlm,3212853
lm,3212854
vlm,3212854
lm,3226939
vlm,3226939
vlm,3226941
lm,3226942
vlm,3226942
lm,3236316
vlm,3236316
lm,3238712
vlm,3238712
vlm,3268532
lm,3273623
vlm,3273623
lm,3273655
vlm,3273655
lm,3273708
vlm,3273708
lm,3289469
vlm,3289469
lm,3289471
vlm,3289471
lm,3294917
vlm,3294917
vlm,3294919
lm,3301231
vlm,3301231
lm,3301234
vlm,3301234
lm,3301285
vlm,3301285
vlm,3301295
vlm,3301298
lm,3344651
vlm,3344651
vlm,3344653
lm,3346583
vlm,3346583
lm,3346596
vlm,3346596
lm,3350154
vlm,3350154
lm,3350157
vlm,3350157
lm,3376422
vlm,3376422
lm,3376423
vlm,3376423
lm,3376426
vlm,3376426
lm,3376427
vlm,3376427
lm,3386062
vlm,3386062
lm,3386064
vlm,3386064
lm,3386065
vlm,3386065
lm,3388940
vlm,3388940
lm,3388941
vlm,3388941
lm,3388942
vlm,3388942
lm,3388944
vlm,3388944
lm,3388945
vlm,3388945
lm,3395510
vlm,3395510
lm,3398007
vlm,3398007
lm,3405107
vlm,3405107
lm,3405113
vlm,3405113
lm,3431324
vlm,3431324
lm,3431326
vlm,3431326
lm,3446953
vlm,3446953
lm,3446956
vlm,3446956
lm,3459551
vlm,3459551
lm,3503540
vlm,3503540
lm,3557075
vlm,3557075
lm,3557077
vlm,3557077
lm,3557078
vlm,3557078
lm,3557088
vlm,3557088
lm,3557111
vlm,3557111
vlm,3557115
lm,3567534
vlm,3567534
lm,3567535
vlm,3567535
lm,3567538
vlm,3567538
lm,3568593
vlm,3568593
lm,3585316
vlm,3585316
lm,3585317
vlm,3585317
lm,3585319
vlm,3585319
lm,3606918
vlm,3606918
lm,3606920
vlm,3606920
lm,3662226
vlm,3662226
lm,3774992
vlm,3774992
lm,3787283
vlm,3787283
vlm,3787326
lm,3787338
vlm,3787338
lm,3811171
vlm,3811171
lm,3823973
vlm,3823973
lm,3827571
vlm,3827571
lm,3827574
vlm,3827574
lm,3905434
vlm,3905434
lm,3905435
vlm,3905435
lm,3905437
vlm,3905437
lm,3939023
vlm,3939023
lm,3939024
vlm,3939024
lm,3941709
vlm,3941709
lm,3941710
vlm,3941710
lm,3943921
vlm,3943921
lm,3943942
vlm,3943942
lm,3944212
vlm,3944212
lm,3951134
vlm,3951134
lm,3966451
vlm,3966451
lm,4165666
vlm,4165666
lm,4165667
vlm,4165667
lm,4165669
vlm,4165669
lm,4188450
vlm,4188450
lm,4188452
vlm,4188452
lm,4197370
vlm,4197370
lm,4197469
vlm,4197469
lm,4198154
vlm,4198154
lm,4198169
vlm,4198169
lm,4198170
vlm,4198170
lm,4202389
vlm,4202389
lm,4202390
vlm,4202390
lm,4227019
vlm,4227019
lm,4227021
vlm,4227021
lm,4248049
vlm,4248049
lm,4248051
vlm,4248051
lm,4248896
vlm,4248896
lm,4273779
vlm,4273779
lm,4273781
vlm,4273781
lm,4273782
vlm,4273782
lm,4286451
vlm,4286451
lm,4286510
vlm,4286510
lm,4286511
vlm,4286511
lm,4286512
vlm,4286512
lm,4286513
vlm,4286513
lm,4299396
vlm,4299396
lm,4299397
vlm,4299397
lm,4299400
vlm,4299400
lm,4306984
vlm,4306984
lm,4306994
vlm,4306994
lm,4335780
vlm,4335780
lm,4335782
vlm,4335782
lm,4335783
vlm,4335783
lm,4340376
vlm,4340376
lm,4354751
vlm,4354751
lm,4354753
vlm,4354753
lm,4367832
vlm,4367832
lm,4367833
vlm,4367833
lm,4367838
vlm,4367838
lm,4367839
vlm,4367839
lm,4417191
vlm,4417191
lm,4417193
vlm,4417193
lm,4421245
vlm,4421245
lm,4421248
vlm,4421248
lm,4421249
vlm,4421249
lm,4429672
vlm,4429672
lm,4429674
vlm,4429674
lm,4429675
vlm,4429675
vlm,4450895
lm,4470113
vlm,4470113
lm,4470115
vlm,4470115
lm,4481991
vlm,4481991
lm,4481992
vlm,4481992
lm,4481993
vlm,4481993
lm,4482014
vlm,4482014
lm,4482016
vlm,4482016
lm,4495630
vlm,4495630
lm,4495634
vlm,4495634
lm,4503386
vlm,4503386
lm,4503389
vlm,4503389
lm,4536279
vlm,4536279
lm,4536299
vlm,4536299
lm,4537108
vlm,4537108
lm,4537111
vlm,4537111
lm,4554613
vlm,4554613
lm,4581760
vlm,4581760
lm,4610670
vlm,4610670
lm,4610697
vlm,4610697
lm,4610698
vlm,4610698
lm,4693214
vlm,4693214
lm,4740658
vlm,4740658
lm,4740660
vlm,4740660
vlm,4740661
lm,4740678
vlm,4740678
lm,4782052
vlm,4782052
lm,4782053
vlm,4782053
lm,4782055
vlm,4782055
lm,4806261
vlm,4806261
lm,4806263
vlm,4806263
lm,4806316
vlm,4806316
lm,4860237
vlm,4860237
lm,4862082
vlm,4862082
lm,4891054
vlm,4891054
lm,4891055
vlm,4891055
lm,4891057
vlm,4891057
lm,4906654
vlm,4906654
lm,4917742
vlm,4917742
lm,4917743
vlm,4917743
lm,4917746
vlm,4917746
lm,4940372
vlm,4940372
lm,4940375
vlm,4940375
lm,4965148
vlm,4965148
lm,4965873
vlm,4965873
lm,5161201
vlm,5161201
lm,5161203
vlm,5161203
lm,5188834
vlm,5188834
lm,5188837
vlm,5188837
lm,5188878
vlm,5188878
lm,5235832
vlm,5235832
lm,5241826
vlm,5241826
lm,5241849
vlm,5241849
lm,5249250
vlm,5249250
lm,5249251
vlm,5249251
lm,5249303
vlm,5249303
lm,5249305
vlm,5249305
lm,5250708
vlm,5250708
lm,5250709
vlm,5250709
lm,5250710
vlm,5250710
lm,5250711
vlm,5250711
lm,5250713
vlm,5250713
lm,5265561
vlm,5265561
lm,5265562
vlm,5265562
lm,5319440
vlm,5319440
vlm,5319441
lm,5365610
vlm,5365610
lm,5365614
lm,5399274
vlm,5399274
lm,5404149
vlm,5404149
lm,5404150
vlm,5404150
lm,5458402
vlm,5458402
lm,5458404
vlm,5458404
lm,5537114
vlm,5537114
lm,5537116
vlm,5537116
lm,5568206
vlm,5568206
lm,5568208
vlm,5568208
lm,5617271
vlm,5617271
lm,5617272
vlm,5617272
lm,5617274
vlm,5617274
lm,5618163
vlm,5618163
lm,5618166
vlm,5618166
lm,5691602
vlm,5691602
lm,5691605
vlm,5691605
vlm,5691606
lm,5691608
vlm,5691608
lm,5691609
vlm,5691609
lm,5712524
vlm,5712524
lm,5712627
vlm,5712627
lm,5712628
vlm,5712628
lm,5720253
vlm,5720253
lm,5720258
vlm,5720258
lm,5720259
vlm,5720259
lm,5741423
vlm,5741423
lm,5741474
vlm,5741474
lm,5741475
vlm,5741475
lm,5752068
vlm,5752068
vlm,5752073
lm,5767717
vlm,5767717
vlm,5788880
vlm,5788881
lm,5802794
vlm,5802794
lm,5802796
vlm,5802796
lm,5811190
vlm,5811190
lm,5811191
vlm,5811191
lm,5811192
vlm,5811192
lm,5811197
vlm,5811197
lm,5811254
vlm,5811254
lm,5811256
vlm,5811256
lm,5811257
vlm,5811257
lm,5814869
vlm,5814869
lm,5819465
vlm,5819465
lm,5819480
vlm,5819480
lm,5819514
vlm,5819514
lm,5828168
vlm,5828168
vlm,5867385
lm,5947110
vlm,5947110
lm,5947112
vlm,5947112
lm,5949088
vlm,5949088
lm,5949090
vlm,5949090
lm,6106132
vlm,6106132
lm,6106135
vlm,6106135
lm,6121312
vlm,6121312
lm,6121371
vlm,6121371
lm,6143341
vlm,6143341
lm,6143343
vlm,6143343
lm,6146328
vlm,6146328
lm,6146329
vlm,6146329
lm,6146331
vlm,6146331
lm,6172050
vlm,6172050
lm,6212320
vlm,6212320
lm,6212322
vlm,6212322
lm,6221304
vlm,6221304
lm,6221307
vlm,6221307
lm,6221308
vlm,6221308
lm,6240512
vlm,6240512
lm,6280207
vlm,6280207
lm,6316497
vlm,6316497
lm,6365393
vlm,6365393
lm,6376856
vlm,6376856
lm,6376858
vlm,6376858
vlm,6376859
lm,6399709
vlm,6399709
vlm,6399712
lm,6409925
vlm,6409925
lm,6409926
vlm,6409926
vlm,6409929
lm,6416429
vlm,6416429
lm,6416561
vlm,6416561
lm,6435822
vlm,6435822
vlm,6435824
lm,6436235
vlm,6436235
lm,6436276
vlm,6436276
lm,6436294
vlm,6436294
lm,6461794
vlm,6461794
lm,6481613
vlm,6481613
lm,6481616
vlm,6481616
lm,6499145
vlm,6499145
lm,6499183
vlm,6499183
lm,6499184
vlm,6499184
lm,6499186
vlm,6499186
lm,6541128
vlm,6541128
lm,6541130
vlm,6541130
lm,6541163
vlm,6541163
lm,6560616
vlm,6560616
lm,6560618
vlm,6560618
lm,6609518
vlm,6609518
lm,6609521
vlm,6609521
vlm,6620667
lm,6620669
vlm,6620669
lm,6620741
vlm,6620741
lm,6632551
vlm,6632551
lm,6632554
vlm,6632554
vlm,6635729
lm,6636447
vlm,6636447
lm,6651540
vlm,6651540
lm,6695940
vlm,6695940
lm,6757357
vlm,6757357
lm,6757359
vlm,6757359
lm,6790970
vlm,6790970
lm,6805730
vlm,6805730
lm,6805756
lm,6856761
vlm,6856761
lm,6859264
vlm,6859264
lm,6859266
vlm,6859266
lm,6859267
vlm,6859267
lm,6881805
vlm,6881805
lm,6969065
vlm,6969065
lm,6999329
vlm,6999329
lm,7207782
vlm,7207782
lm,7277658
vlm,7277658
lm,7277660
vlm,7277660
lm,7277661
vlm,7277661
lm,7277679
vlm,7277679
lm,7277681
vlm,7277681
lm,7288595
vlm,7288595
lm,7288596
vlm,7288596
lm,7288823
vlm,7288823
lm,7295539
vlm,7295539
lm,7295541
vlm,7295541
lm,7308585
vlm,7308585
lm,7308587
vlm,7308587
lm,7313580
vlm,7313580
lm,7313604
vlm,7313604
lm,7313606
vlm,7313606
lm,7314814
vlm,7314814
lm,7337652
vlm,7337652
lm,7344060
vlm,7344060
lm,7366907
vlm,7366907
lm,7366908
vlm,7366908
lm,7403125
vlm,7403125
vlm,7403151
lm,7403172
vlm,7403172
vlm,7403174
vlm,7403232
lm,7425611
vlm,7425611
lm,7425613
vlm,7425613
lm,7425614
vlm,7425614
lm,7425615
vlm,7425615
lm,7431239
vlm,7431239
lm,7513186
vlm,7513186
lm,7513187
vlm,7513187
lm,7513189
vlm,7513189
lm,7521574
vlm,7521574
lm,7521576
vlm,7521576
lm,7526239
vlm,7526239
vlm,7539106
vlm,7539107
vlm,7539108
vlm,7539109
lm,7577460
vlm,7577460
lm,7577462
vlm,7577462
lm,7618642
vlm,7618642
lm,7618645
vlm,7618645
lm,7642320
vlm,7642320
lm,7642321
vlm,7642321
lm,7658514
vlm,7658514
lm,7810036
vlm,7810036
lm,7819754
vlm,7819754
vlm,7819756
lm,7822781
vlm,7822781
lm,7864834
vlm,7864834
lm,7893995
vlm,7893995
lm,7893998
vlm,7893998
lm,7894009
vlm,7894009
vlm,7894012
lm,7894082
vlm,7894082
lm,7924445
vlm,7924445
lm,7925057
vlm,7925057
lm,7925362
vlm,7925362
lm,7927025
vlm,7927025
lm,7940206
vlm,7940206
lm,7940208
vlm,7940208
lm,7940209
vlm,7940209
lm,7940226
vlm,7940226
lm,7940229
vlm,7940229
lm,7955120
vlm,7955120
lm,7955122
vlm,7955122
lm,7983570
vlm,7983570
lm,7983571
vlm,7983571
lm,8117042
vlm,8117042
lm,8117046
vlm,8117046
lm,8117084
vlm,8117084
vlm,8117086
lm,8132302
vlm,8132302
lm,8132304
vlm,8132304
lm,8132318
vlm,8132318
lm,8132320
vlm,8132320
lm,8149390
vlm,8149390
vlm,8149393
lm,8220751
vlm,8220751
lm,8220754
vlm,8220754
lm,8225254
vlm,8225254
vlm,8244072
lm,8244073
vlm,8244073
lm,8244092
vlm,8244092
lm,8258635
vlm,8258635
lm,8267021
vlm,8267021
lm,8267026
vlm,8267026
lm,8267036
vlm,8267036
lm,8267037
vlm,8267037
lm,8286732
vlm,8286732
lm,8287709
vlm,8287709
lm,8287712
vlm,8287712
lm,8287928
vlm,8287928
lm,8287930
vlm,8287930
lm,8296249
vlm,8296249
lm,8296588
vlm,8296588
lm,8334389
vlm,8334389
lm,8334390
vlm,8334390
lm,8334392
vlm,8334392
lm,8336850
vlm,8336850
lm,8336851
vlm,8336851
lm,8389527
vlm,8389527
lm,8389530
vlm,8389530
lm,8410212
vlm,8410212
lm,8410216
vlm,8410216
lm,8410217
vlm,8410217
lm,8415989
vlm,8415989
lm,8415990
vlm,8415990
lm,8415992
vlm,8415992
lm,8417817
vlm,8417817
lm,8417836
vlm,8417836
lm,8428835
vlm,8428835
lm,8430311
vlm,8430311
lm,8430312
vlm,8430312
lm,8438332
vlm,8438332
lm,8443965
vlm,8443965
lm,8490864
vlm,8490864
lm,8490866
vlm,8490866
lm,8517083
vlm,8517083
lm,8517085
vlm,8517085
lm,8517088
vlm,8517088
lm,8541975
vlm,8541975
lm,8541977
vlm,8541977
lm,8553623
vlm,8553623
lm,8555120
vlm,8555120
lm,8555121
vlm,8555121
lm,8561590
vlm,8561590
lm,8561593
vlm,8561593
lm,8574098
vlm,8574098
lm,8592005
vlm,8592005
lm,8592006
vlm,8592006
lm,8592021
vlm,8592021
lm,8592022
vlm,8592022
lm,8592024
vlm,8592024
lm,8600986
vlm,8600986
lm,8601405
vlm,8601405
lm,8601406
vlm,8601406
lm,8601409
vlm,8601409
lm,8601421
vlm,8601421
lm,8601426
vlm,8601426
lm,8601427
vlm,8601427
lm,8601428
vlm,8601428
lm,8619202
vlm,8619202
lm,8619204
vlm,8619204
lm,8619243
vlm,8619243
lm,8619244
vlm,8619244
lm,8619245
vlm,8619245
lm,8619247
vlm,8619247
lm,8621665
vlm,8621665
lm,8665627
vlm,8665627
lm,8665630
vlm,8665630
lm,8676413
vlm,8676413
lm,8676417
vlm,8676417
lm,8676418
vlm,8676418
lm,8676529
vlm,8676529
lm,8700347
vlm,8700347
lm,8709027
vlm,8709027
vlm,8721496
lm,8721542
vlm,8721542
lm,8721552
vlm,8721552
lm,8721589
vlm,8721589
lm,8743289
vlm,8743289
lm,8743317
vlm,8743317
lm,8743355
vlm,8743355
lm,8743358
vlm,8743358
lm,8748361
vlm,8748361
lm,8749167
vlm,8749167
lm,8749169
vlm,8749169
lm,8758124
vlm,8758124
lm,8758147
vlm,8758147
lm,8775158
vlm,8775158
lm,8812367
vlm,8812367
lm,8812370
vlm,8812370
lm,8812371
vlm,8812371
lm,8812373
vlm,8812373
lm,8815466
vlm,8815466
lm,8815468
vlm,8815468
lm,8818806
vlm,8818806
lm,8858593
vlm,8858593
lm,8866204
vlm,8866204
lm,8866351
vlm,8866351
lm,8866370
vlm,8866370
lm,8898341
vlm,8898341
lm,8898343
vlm,8898343
lm,8944008
vlm,8944008
lm,8944010
vlm,8944010
lm,8955010
vlm,8955010
lm,8955012
vlm,8955012
vlm,8955013
lm,8955368
vlm,8955368
lm,8955406
vlm,8955406
lm,8955408
vlm,8955408
lm,9107681
vlm,9107681
lm,9107701
vlm,9107701
lm,9142792
vlm,9142792
lm,9160883
vlm,9160883
lm,9160929
vlm,9160929
lm,9160932
vlm,9160932
lm,9175116
vlm,9175116
lm,9175183
vlm,9175183
lm,9192773
vlm,9192773
lm,9192856
vlm,9192856
lm,9192858
vlm,9192858
lm,9194794
vlm,9194794
lm,9194955
vlm,9194955
lm,9195284
vlm,9195284
lm,9226365
vlm,9226366
lm,9256162
vlm,9256162
lm,9256300
vlm,9256300
vlm,9256304
lm,9256305
vlm,9256305
lm,9279298
vlm,9279298
lm,9279299
vlm,9279299
lm,9279301
vlm,9279301
lm,9280360
vlm,9280360
lm,9280361
vlm,9280361
lm,9280363
vlm,9280363
lm,9300729
vlm,9300729
lm,9300730
vlm,9300730
lm,9300733
vlm,9300733
lm,9321864
vlm,9321864
lm,9321879
vlm,9321879
lm,9321880
vlm,9321880
lm,9321882
vlm,9321882
lm,9356089
vlm,9356089
lm,9356092
vlm,9356092
lm,9365706
vlm,9365706
lm,9365760
vlm,9365760
lm,9377585
vlm,9377585
lm,9410479
vlm,9410479
lm,9410481
vlm,9410481
lm,9417105
vlm,9417105
lm,9417106
vlm,9417106
lm,9417108
vlm,9417108
lm,9425199
vlm,9425199
lm,9425202
vlm,9425202
lm,9447903
vlm,9447903
lm,9450248
vlm,9450248
lm,9502757
vlm,9502757
lm,9510058
vlm,9510058
lm,9510059
vlm,9510059
lm,9510060
vlm,9510060
lm,9520023
vlm,9520023
lm,9520024
vlm,9520024
lm,9520047
vlm,9520047
lm,9520048
vlm,9520048
lm,9524417
vlm,9524417
lm,9524419
vlm,9524419
lm,9536735
vlm,9536735
lm,9536736
vlm,9536736
lm,9536903
vlm,9536903
lm,9536904
vlm,9536904
lm,9536906
vlm,9536906
vlm,9555624
lm,9555626
vlm,9555626
vlm,9555627
lm,9555662
vlm,9555662
lm,9555723
vlm,9555723
lm,9569342
vlm,9569342
lm,9569343
vlm,9569343
lm,9569344
vlm,9569344
lm,9569346
vlm,9569346
lm,9569347
vlm,9569347
lm,9581094
vlm,9581094
lm,9581096
vlm,9581096
vlm,9615848
lm,9656664
vlm,9656664
lm,9656667
vlm,9656667
lm,9672653
vlm,9672653
lm,9672654
vlm,9672654
lm,9672655
vlm,9672655
lm,9692982
vlm,9692982
lm,9740654
vlm,9740654
lm,9740655
vlm,9740655
lm,9740656
vlm,9740656
lm,9740657
vlm,9740657
lm,9740658
vlm,9740658
lm,9760851
vlm,9760851
lm,9760861
vlm,9760861
lm,9760864
vlm,9760864
lm,9781041
vlm,9781041
vlm,9781044
vlm,9781105
lm,9795320
vlm,9795320
lm,9825404
vlm,9825404
lm,9844260
vlm,9844260
lm,9844385
vlm,9844385
lm,9844740
vlm,9844740
lm,9844746
vlm,9844746
lm,9873045
vlm,9873045
lm,9873046
vlm,9873046
lm,9873048
vlm,9873048
lm,9873140
vlm,9873140
lm,9873144
vlm,9873144
lm,9933355
vlm,9933355
lm,9933356
vlm,9933356
lm,9933436
vlm,9933436
lm,9982070
vlm,9982070
lm,9982071
vlm,9982071
lm,9982105
vlm,9982105
lm,10110499
vlm,10110499
lm,10110745
vlm,10110745
lm,10110819
vlm,10110819
lm,10110823
vlm,10110823
lm,10129933
vlm,10129933
vlm,10129935
lm,10129936
vlm,10129936
lm,10135132
vlm,10135132
lm,10135288
vlm,10135288
lm,10135289
vlm,10135289
lm,10135312
vlm,10135312
lm,10144555
vlm,10144555
lm,10153722
vlm,10153722
lm,10189910
vlm,10189910
lm,10201562
vlm,10201562
lm,10201563
vlm,10201563
lm,10201587
vlm,10201587
lm,10201589
vlm,10201589
lm,10207735
vlm,10207735
lm,10226146
vlm,10226146
lm,10226148
vlm,10226148
lm,10242833
vlm,10242833
vlm,10242836
lm,10262301
vlm,10262301
lm,10262303
vlm,10262303
lm,10262324
vlm,10262324
lm,10262328
vlm,10262328
vlm,10281381
lm,10282864
vlm,10282864
lm,10282892
vlm,10282892
lm,10282894
lm,10321214
vlm,10321214
lm,10321217
vlm,10321217
lm,10438874
lm,10443600
vlm,10443600
lm,10443603
vlm,10443603
lm,10481157
vlm,10481157
lm,10508418
vlm,10508418
lm,10530019
vlm,10530019
lm,10554836
vlm,10554836
lm,10554837
vlm,10554837
lm,10555223
vlm,10555223
lm,10569054
vlm,10569054
lm,10576760
vlm,10576760
lm,10576762
vlm,10576762
lm,10584157
vlm,10584157
lm,10584159
vlm,10584159
lm,10584162
vlm,10584162
lm,10584164
vlm,10584164
lm,10584749
vlm,10584749
lm,10607068
vlm,10607068
lm,10607137
vlm,10607137
lm,10607162
vlm,10607162
lm,10607164
vlm,10607164
lm,10623202
vlm,10623202
lm,10623225
vlm,10623225
lm,10623228
vlm,10623228
lm,10623276
vlm,10623276
lm,10623278
vlm,10623278
lm,10663876
vlm,10663876
lm,10663887
vlm,10663887
lm,10760995
vlm,10760995
lm,10760997
vlm,10760997
lm,10768521
vlm,10768521
lm,10816624
vlm,10816624
lm,10816625
vlm,10816625
lm,10816628
vlm,10816628
lm,10816710
vlm,10816710
lm,10838761
vlm,10838761
lm,10840104
vlm,10840104
lm,10845172
vlm,10845172
lm,10898981
vlm,10898981
vlm,10898984
lm,10898985
vlm,10898985
lm,10899085
vlm,10899085
lm,10931567
vlm,10931567
lm,10931569
vlm,10931569
lm,10970166
vlm,10970166
lm,10990870
vlm,10990870
lm,11007145
vlm,11007145
lm,11007178
vlm,11007178
lm,11007181
lm,11007182
vlm,11007182
lm,11023642
vlm,11023642
lm,11109133
vlm,11109133
lm,11144047
vlm,11144047
lm,11144049
vlm,11144049
lm,11152217
vlm,11152217
lm,11152218
vlm,11152218
lm,11193062
vlm,11193062
lm,11193067
vlm,11193067
lm,11193243
vlm,11193243
lm,11193244
vlm,11193244
lm,11193246
vlm,11193246
lm,11194059
vlm,11194059
lm,11205296
vlm,11205296
lm,11205298
vlm,11205298
lm,11277460
vlm,11277460
lm,11277462
vlm,11277462
lm,11318078
vlm,11318078
lm,11337442
vlm,11337442
lm,11337444
vlm,11337444
lm,11338340
vlm,11338340
lm,11412663
vlm,11412663
lm,11413778
vlm,11413778
lm,11414750
vlm,11414750
lm,11414752
vlm,11414752
vlm,11432257
lm,11432258
vlm,11432258
lm,11445900
vlm,11445900
lm,11454969
vlm,11454969
lm,11454970
vlm,11454970
lm,11535866
vlm,11535866
lm,11535889
vlm,11535889
lm,11646675
vlm,11646675
lm,11646676
vlm,11646676
lm,11646699
vlm,11646699
lm,11655172
vlm,11655172
lm,11655173
vlm,11655173
lm,11705468
vlm,11705468
lm,11705589
vlm,11705589
lm,11705591
vlm,11705591
lm,11727306
vlm,11727306
lm,11727308
vlm,11727308
lm,11727309
vlm,11727309
lm,11728337
vlm,11728337
lm,11728339
vlm,11728339
lm,11764531
vlm,11764531
lm,11764546
vlm,11764546
lm,11764548
vlm,11764548
lm,11774382
vlm,11774382
vlm,11774384
lm,11804489
vlm,11804489
lm,11820707
vlm,11820707
lm,11820708
vlm,11820708
lm,11820714
vlm,11820714
lm,11864548
vlm,11864548
lm,11864549
vlm,11864549
lm,11864552
vlm,11864552
lm,11864553
vlm,11864553
lm,11866556
vlm,11866556
lm,11866557
vlm,11866557
lm,11869153
vlm,11869153
lm,11869155
vlm,11869155
lm,11905561
vlm,11905561
lm,11905579
vlm,11905579
lm,11905580
vlm,11905580
lm,11905581
vlm,11905581
lm,11910347
vlm,11910347
lm,11960363
vlm,11960363
lm,11962489
vlm,11962489
lm,11962493
vlm,11962493
lm,12122329
vlm,12122329
lm,12189206
vlm,12189206
lm,12189208
vlm,12189208
lm,12189209
vlm,12189209
lm,12189211
vlm,12189211
lm,12245139
vlm,12245139
lm,12245141
vlm,12245141
lm,12246845
vlm,12246845
lm,12246847
vlm,12246847
lm,12278872
vlm,12278872
vlm,12278875
lm,12366077
vlm,12366077
lm,12366078
vlm,12366078
lm,12366080
vlm,12366080
lm,12366093
vlm,12366093
lm,12366095
vlm,12366095
lm,12387463
vlm,12387463
vlm,12387466
lm,12411342
vlm,12411342
lm,12464053
vlm,12464053
lm,12476924
vlm,12476924
lm,12476926
vlm,12476926
lm,12478615
vlm,12478615
lm,12480270
vlm,12480270
lm,12480272
vlm,12480272
lm,12525673
vlm,12525673
lm,12525676
vlm,12525676
lm,12526175
vlm,12526175
lm,12526333
vlm,12526333
lm,12526336
vlm,12526336
lm,12529822
vlm,12529822
lm,12534939
vlm,12534939
lm,12534942
vlm,12534942
lm,12541081
vlm,12541081
lm,12552367
vlm,12552367
vlm,12552371
lm,12565441
vlm,12565441
lm,12565666
vlm,12565666
lm,12565686
vlm,12565686
lm,12589658
vlm,12589658
lm,12589659
vlm,12589659
lm,12603140
vlm,12603140
lm,12621877
vlm,12621877
lm,12621878
vlm,12621878
lm,12621879
vlm,12621879
lm,12632940
vlm,12632940
lm,12632942
vlm,12632942
vlm,12633779
lm,12656034
vlm,12656034
lm,12656044
vlm,12656044
lm,12656047
vlm,12656047
lm,12656091
vlm,12656091
lm,12656093
vlm,12656093
lm,12661023
lm,12670075
vlm,12670075
lm,12670077
vlm,12670077
lm,12670101
vlm,12670101
lm,12670103
vlm,12670103
lm,12697587
vlm,12697587
lm,12697588
vlm,12697588
lm,12705766
vlm,12705766
lm,12705767
vlm,12705767
lm,12705768
vlm,12705768
lm,12705771
vlm,12705771
lm,12705772
vlm,12705772
lm,12785502
vlm,12785502
lm,12790823
vlm,12790823
lm,12790844
vlm,12790844
vlm,12790846
lm,12790847
vlm,12790847
lm,12794551
vlm,12794551
lm,12794612
vlm,12794612
lm,12794613
vlm,12794613
lm,12806705
vlm,12806705
lm,12806861
vlm,12806861
lm,12826826
vlm,12826826
lm,12826831
vlm,12826831
lm,12909753
vlm,12909753
lm,12909754
vlm,12909754
lm,12958970
vlm,12958970
lm,12958972
vlm,12958972
vlm,12958977
lm,12994772
vlm,12994772
lm,12994774
vlm,12994774
lm,12994901
vlm,12994901
lm,12994903
vlm,12994903
lm,13100003
vlm,13100003
lm,13100005
vlm,13100005
lm,13117210
vlm,13117210
lm,13124636
vlm,13124636
lm,13124637
vlm,13124637
lm,13158926
vlm,13158926
lm,13175074
vlm,13175074
lm,13175077
vlm,13175077
lm,13175078
vlm,13175078
lm,13175107
vlm,13175107
lm,13175109
vlm,13175109
lm,13195109
vlm,13195109
lm,13195111
vlm,13195111
vlm,13195113
lm,13195114
vlm,13195114
lm,13195138
vlm,13195138
lm,13195141
vlm,13195141
lm,13195142
vlm,13195142
lm,13317969
vlm,13317969
lm,13325396
vlm,13325396
lm,13325401
vlm,13325401
lm,13325402
vlm,13325402
lm,13355502
vlm,13355502
lm,13355503
vlm,13355503
lm,13356658
vlm,13356658
lm,13356670
vlm,13356670
lm,13356671
vlm,13356671
lm,13376777
vlm,13376777
lm,13376779
vlm,13376779
lm,13386870
vlm,13386870
lm,13386878
vlm,13386878
lm,13386880
vlm,13386880
lm,13430652
vlm,13430652
lm,13460203
vlm,13460203
lm,13460206
vlm,13460206
lm,13482941
vlm,13482941
lm,13483143
vlm,13483143
lm,13483172
vlm,13483172
vlm,13483175
lm,13502091
vlm,13502091
lm,13512897
vlm,13512897
lm,13512900
vlm,13512900
lm,13514995
vlm,13514995
lm,13514997
vlm,13514997
lm,13515020
vlm,13515020
lm,13515022
vlm,13515022
lm,13515023
vlm,13515023
lm,13515079
vlm,13515079
lm,13515083
vlm,13515083
lm,13515236
vlm,13515236
lm,13515242
vlm,13515242
lm,13539192
vlm,13539192
lm,13539220
vlm,13539220
lm,13552237
vlm,13552237
lm,13611836
vlm,13611836
lm,13611838
vlm,13611838
lm,13613720
vlm,13613720
lm,13613722
vlm,13613722
lm,13648931
vlm,13648931
lm,13676251
vlm,13676251
lm,13676714
vlm,13676714
lm,13677316
vlm,13677316
lm,13704221
vlm,13704221
lm,13704222
vlm,13704222
lm,13704224
vlm,13704224
lm,13732331
vlm,13732331
lm,13759091
vlm,13759091
lm,13773589
vlm,13773589
lm,13773591
vlm,13773591
lm,13780042
vlm,13780042
lm,13780044
vlm,13780044
lm,13808081
vlm,13808081
lm,13808083
vlm,13808083
lm,13808084
vlm,13808084
lm,13808103
vlm,13808103
lm,13808105
vlm,13808105
lm,13810604
vlm,13810604
vlm,13810606
lm,13811079
vlm,13811079
lm,13811081
vlm,13811081
lm,13811200
vlm,13811200
lm,13811203
vlm,13811203
vlm,13829713
lm,13829715
vlm,13829715
vlm,13834432
lm,13846752
vlm,13846752
lm,13865984
vlm,13865984
lm,13865988
vlm,13865988
lm,13866011
vlm,13866011
lm,13872926
vlm,13872926
lm,13876984
vlm,13876984
lm,13876986
vlm,13876986
lm,13903879
vlm,13903879
lm,13942966
vlm,13942966
vlm,13942968
lm,13945851
vlm,13945851
lm,13945853
vlm,13945853
lm,13945854
vlm,13945854
lm,13964147
vlm,13964147
lm,13964150
vlm,13964150
lm,13964351
vlm,13964351
lm,14116105
vlm,14116105
lm,14116106
vlm,14116106
lm,14138688
vlm,14138688
lm,14138723
vlm,14138723
lm,14212525
vlm,14212525
lm,14212526
vlm,14212526
lm,14223461
vlm,14223461
lm,14223506
vlm,14223506
lm,14251490
vlm,14251490
lm,14251492
vlm,14251492
lm,14279385
vlm,14279385
lm,14279387
vlm,14279387
lm,14289635
vlm,14289635
lm,14303085
vlm,14303085
lm,14303086
vlm,14303086
lm,14303087
vlm,14303087
lm,14303427
vlm,14303427
lm,14303445
vlm,14303445
lm,14304195
vlm,14304195
lm,14304197
vlm,14304197
lm,14304198
vlm,14304198
lm,14304238
vlm,14304238
lm,14304239
vlm,14304239
lm,14304241
vlm,14304241
lm,14305503
vlm,14305503
lm,14305506
vlm,14305506
lm,14333815
vlm,14333815
lm,14333817
vlm,14333817
vlm,14333818
lm,14399769
vlm,14399769
lm,14399771
vlm,14399771
lm,14399772
vlm,14399772
lm,14443740
vlm,14443740
lm,14443742
vlm,14443742
lm,14483574
vlm,14483574
lm,14483576
vlm,14483576
lm,14522567
vlm,14522567
vlm,14522569
vlm,14522617
lm,14522707
vlm,14522707
lm,14522710
vlm,14522710
lm,14544577
vlm,14544577
vlm,14544578
lm,14544579
vlm,14544579
lm,14588017
vlm,14588017
lm,14588019
vlm,14588019
lm,14616363
vlm,14616363
vlm,14618428
lm,14618429
vlm,14618429
vlm,14618430
lm,14624272
vlm,14624272
lm,14624273
vlm,14624273
lm,14724476
vlm,14724476
lm,14724498
vlm,14724498
lm,14724501
vlm,14724501
lm,14725462
vlm,14725462
lm,14725464
vlm,14725464
lm,14725465
vlm,14725465
lm,14734368
vlm,14734368
lm,14734370
vlm,14734370
lm,14743503
vlm,14743503
lm,14743505
vlm,14743505
lm,14743506
vlm,14743506
lm,14769021
vlm,14769021
lm,14769022
vlm,14769022
lm,14793750
vlm,14793750
lm,14793753
vlm,14793753
lm,14793762
vlm,14793762
lm,14793857
vlm,14793857
vlm,14793881
lm,14795836
vlm,14795836
lm,14795837
vlm,14795837
lm,14795839
vlm,14795839
lm,14887989
vlm,14887989
lm,14907990
vlm,14907990
lm,14908080
vlm,14908080
lm,14908083
vlm,14908083
lm,14908094
vlm,14908094
lm,14908095
vlm,14908095
lm,14908096
vlm,14908096
lm,14908214
vlm,14908214
lm,14908218
vlm,14908218
lm,14922855
vlm,14922855
lm,14922857
vlm,14922857
lm,14922859
vlm,14922859
lm,14960100
vlm,14960100
lm,14960102
vlm,14960102
lm,14964755
vlm,14964755
lm,14964759
vlm,14964759
lm,14980277
vlm,14980277
lm,14980279
vlm,14980279
lm,14986307
vlm,14986307
lm,14986407
vlm,14986407
lm,14986410
vlm,14986410
lm,14996048
vlm,14996048
lm,14996083
vlm,14996083
lm,15120730
vlm,15120730
lm,15120731
vlm,15120731
lm,15135578
vlm,15135578
lm,15173952
vlm,15173952
lm,15201502
vlm,15201502
lm,15239201
vlm,15239201
lm,15239203
vlm,15239203
lm,15387034
vlm,15387034
lm,15387036
vlm,15387036
lm,15393965
vlm,15393965
lm,15394085
vlm,15394085
lm,15394086
vlm,15394086
lm,15437699
vlm,15437699
vlm,15508048
lm,15519620
vlm,15519620
lm,15519622
vlm,15519622
lm,15526478
vlm,15526478
lm,15527406
vlm,15527406
lm,15527409
vlm,15527409
lm,15544677
vlm,15544677
lm,15544762
vlm,15544762
lm,15544763
vlm,15544763
lm,15572602
vlm,15572602
lm,15572604
vlm,15572604
lm,15597398
vlm,15597398
lm,15597424
vlm,15597424
lm,15597425
vlm,15597425
lm,15615606
vlm,15615606
lm,15615609
vlm,15615609
lm,15631760
vlm,15631760
vlm,15631763
lm,15634873
vlm,15634873
lm,15634874
vlm,15634874
lm,15650878
vlm,15650878
lm,15650880
vlm,15650880
lm,15702142
vlm,15702142
lm,15764348
vlm,15764348
lm,15764349
vlm,15764349
lm,15765401
vlm,15765401
lm,15765402
vlm,15765402
lm,15765404
vlm,15765404
lm,15789712
vlm,15789712
lm,15789715
vlm,15789715
lm,15789716
vlm,15789716
lm,15842915
vlm,15842915
lm,15850010
vlm,15850010
lm,15854853
vlm,15854853
lm,15871231
vlm,15871231
lm,15871327
vlm,15871327
lm,15871330
vlm,15871330
lm,15876264
vlm,15876264
lm,15931701
vlm,15931701
lm,15931765
vlm,15931765
lm,15931766
vlm,15931766
lm,15931767
vlm,15931767
vlm,15934195
vlm,15934199
lm,15940687
vlm,15940687
lm,15959684
vlm,15959684
lm,15959685
vlm,15959685
lm,15959742
vlm,15959742
vlm,15959744
lm,15968096
vlm,15968096
lm,15974571
vlm,15974571
lm,15974574
vlm,15974574
lm,15978410
vlm,15978410
lm,15978411
vlm,15978411
lm,15978412
vlm,15978412
lm,15978414
vlm,15978414
lm,15978543
vlm,15978543
lm,15978544
vlm,15978544
vlm,15978606
lm,15989701
vlm,15989701
lm,15989725
vlm,15989725
lm,15989728
vlm,15989728
lm,16159124
vlm,16159124
lm,16159126
vlm,16159126
lm,16160468
vlm,16160468
lm,16177277
vlm,16177277
lm,16177278
vlm,16177278
lm,16177279
vlm,16177279
lm,16177423
vlm,16177423
lm,16273589
vlm,16273589
lm,16297918
vlm,16297918
lm,16297920
vlm,16297920
lm,16341329
vlm,16341329
lm,16341331
vlm,16341331
lm,16352982
vlm,16352982
lm,16353004
vlm,16353004
lm,16408538
vlm,16408538
lm,16408541
vlm,16408541
lm,16416196
vlm,16416196
lm,16424440
vlm,16424440
lm,16424442
vlm,16424442
lm,16454957
vlm,16454957
vlm,16454959
lm,16464342
vlm,16464342
lm,16464344
vlm,16464344
vlm,16464345
lm,16471203
vlm,16471203
lm,16501529
vlm,16501529
lm,16501531
vlm,16501531
lm,16501532
vlm,16501532
lm,16535092
vlm,16535092
lm,16535095
vlm,16535095
lm,16582455
vlm,16582455
lm,16646731
vlm,16646731
lm,16646757
vlm,16646757
lm,16646759
vlm,16646759
lm,16646760
vlm,16646760
lm,16646761
vlm,16646761
lm,16647746
vlm,16647746
lm,16647748
vlm,16647748
lm,16652994
vlm,16652994
lm,16652995
vlm,16652995
lm,16652997
vlm,16652997
lm,16654863
vlm,16654863
lm,16654864
vlm,16654864
lm,16747769
vlm,16747769
lm,16747773
vlm,16747773
lm,16747837
vlm,16747837
vlm,16747838
lm,16757712
vlm,16757712
vlm,16757716
vlm,16757872
lm,16757875
vlm,16757875
lm,16758062
vlm,16758062
lm,16758181
vlm,16758181
vlm,16758330
lm,16758369
vlm,16758369
lm,16758371
vlm,16758371
lm,16773907
vlm,16773907
lm,16773908
vlm,16773908
lm,16791434
vlm,16791434
lm,16791435
vlm,16791435
lm,16791437
vlm,16791437
lm,16809282
vlm,16809282
lm,16841286
vlm,16841286
lm,16844777
vlm,16844777
lm,16844779
vlm,16844779
lm,16947862
vlm,16947862
lm,16947873
vlm,16947873
lm,16947874
vlm,16947874
lm,16947875
vlm,16947875
lm,16947876
vlm,16947876
lm,16976182
vlm,16976182
lm,16976184
vlm,16976184
lm,16976185
vlm,16976185
lm,16984479
vlm,16984479
lm,16984483
vlm,16984483
lm,17118261
vlm,17118261
lm,17123710
vlm,17123710
lm,17123712
vlm,17123712
lm,17123777
vlm,17123777
lm,17148429
vlm,17148429
lm,17148430
vlm,17148430
lm,17237572
vlm,17237572
lm,17237573
vlm,17237573
lm,17249553
vlm,17249553
lm,17250550
vlm,17250550
lm,17250551
vlm,17250551
lm,17253329
vlm,17253329
lm,17253408
vlm,17253408
vlm,17253410
lm,17253411
vlm,17253411
lm,17253412
vlm,17253412
lm,17298203
vlm,17298203
lm,17317033
vlm,17317033
lm,17372718
vlm,17372718
lm,17392984
vlm,17392984
lm,17392985
vlm,17392985
lm,17392986
vlm,17392986
lm,17392989
vlm,17392989
lm,17396315
vlm,17396315
vlm,17396318
lm,17401425
vlm,17401425
lm,17431402
vlm,17431402
lm,17431404
vlm,17431404
lm,17431423
vlm,17431423
lm,17432497
vlm,17432497
lm,17432499
vlm,17432499
lm,17432500
vlm,17432500
lm,17444376
vlm,17444376
lm,17449754
vlm,17449754
lm,17449756
vlm,17449756
lm,17449757
vlm,17449757
lm,17559858
vlm,17559858
lm,17563475
vlm,17563475
vlm,17563477
lm,17563478
vlm,17563478
lm,17577238
vlm,17577238
lm,17577305
vlm,17577305
lm,17596627
vlm,17596627
lm,17596659
vlm,17596659
lm,17596660
vlm,17596660
lm,17596662
vlm,17596662
lm,17600491
vlm,17600491
lm,17600494
vlm,17600494
lm,17600629
vlm,17600629
vlm,17600631
lm,17621052
vlm,17621052
lm,17621054
vlm,17621054
lm,17699682
vlm,17699682
lm,17699684
vlm,17699684
lm,17699685
vlm,17699685
vlm,17699686
lm,17699687
vlm,17699687
lm,17700693
vlm,17700693
lm,17719506
vlm,17719506
lm,17719529
vlm,17719529
lm,17719531
vlm,17719531
lm,17764309
vlm,17764309
lm,17764311
vlm,17764311
lm,17768996
vlm,17768996
lm,17778768
vlm,17778768
lm,17778770
vlm,17778770
lm,17826236
vlm,17826236
lm,17826237
vlm,17826237
lm,17826238
vlm,17826238
lm,17826240
vlm,17826240
lm,17870911
vlm,17870911
lm,17876827
vlm,17876827
lm,17876830
vlm,17876830
lm,17876831
vlm,17876831
lm,17876832
vlm,17876832
lm,17891459
vlm,17891459
lm,17902148
vlm,17902148
lm,17902150
vlm,17902150
lm,17902151
vlm,17902151
lm,17912065
vlm,17912065
lm,17912066
vlm,17912066
lm,17912068
vlm,17912068
lm,17912069
vlm,17912069
lm,17913558
vlm,17913558
lm,17922155
vlm,17922155
lm,17931829
vlm,17931829
lm,17931831
vlm,17931831
lm,17933590
vlm,17933590
lm,17933591
vlm,17933591
lm,17933622
vlm,17933622
lm,17934496
vlm,17934496
lm,17934521
vlm,17934521
lm,17934548
vlm,17934548
lm,17940197
vlm,17940197
lm,17940199
vlm,17940199
lm,17959010
vlm,17959010
lm,17959026
vlm,17959026
lm,17959027
vlm,17959027
lm,17959031
vlm,17959031
lm,17985951
vlm,17985951
lm,18103735
vlm,18103735
lm,18104601
vlm,18104601
lm,18104603
vlm,18104603
lm,18200160
vlm,18200160
lm,18200162
vlm,18200162
lm,18237242
vlm,18237242
lm,18237245
vlm,18237245
lm,18264814
vlm,18264814
lm,18264937
vlm,18264937
lm,18264947
vlm,18264947
lm,18320986
vlm,18320986
vlm,18320988
lm,18321013
vlm,18321013
lm,18321014
vlm,18321014
lm,18437703
vlm,18437703
lm,18437705
vlm,18437705
lm,18471280
vlm,18471280
lm,18471281
vlm,18471281
lm,18471283
vlm,18471283
lm,18484191
vlm,18484191
lm,18484227
vlm,18484227
lm,18484261
vlm,18484261
lm,18492793
vlm,18492793
lm,18496088
vlm,18496088
lm,18577874
vlm,18577874
lm,18578869
vlm,18578869
lm,18578913
vlm,18578913
lm,18605425
vlm,18605425
lm,18605430
vlm,18605430
lm,18605431
vlm,18605431
lm,18605441
vlm,18605441
lm,18605444
vlm,18605444
lm,18647506
vlm,18647506
lm,18647509
vlm,18647509
lm,18660293
vlm,18660293
lm,18660917
vlm,18660917
lm,18766024
vlm,18766024
lm,18766027
vlm,18766027
lm,18783242
vlm,18783242
vlm,18796520
lm,18803138
vlm,18803138
lm,18803217
vlm,18803217
lm,18803218
vlm,18803218
lm,18803219
vlm,18803219
lm,18803221
vlm,18803221
lm,18848380
vlm,18848380
lm,18848381
vlm,18848381
lm,18848385
vlm,18848385
lm,18906755
vlm,18906755
lm,18918440
vlm,18918440
lm,18918443
vlm,18918443
lm,18924309
vlm,18924309
lm,18924314
vlm,18924314
vlm,18994523
lm,18994657
vlm,18994657
lm,18995672
vlm,18995672
lm,18995673
vlm,18995673
lm,18995676
vlm,18995676
lm,18995677
vlm,18995677
lm,18995678
vlm,18995678
lm,19108223
vlm,19108223
lm,19108225
vlm,19108225
lm,19108226
vlm,19108226
lm,19111062
vlm,19111062
lm,19111065
vlm,19111065
lm,19111066
vlm,19111066
lm,19111086
vlm,19111086
lm,19111087
vlm,19111087
lm,19111286
vlm,19111286
lm,19146825
vlm,19146825
lm,19207123
vlm,19207123
lm,19207173
vlm,19207173
lm,19207175
vlm,19207175
lm,19230856
vlm,19230856
lm,19230858
vlm,19230858
lm,19234236
vlm,19234236
lm,19234238
vlm,19234238
lm,19234240
vlm,19234240
lm,19234339
vlm,19234339
lm,19248073
vlm,19248073
lm,19248075
vlm,19248075
lm,19298206
vlm,19298206
lm,19315508
vlm,19315508
lm,19323934
vlm,19323934
vlm,19326773
vlm,19326774
vlm,19417749
lm,19417750
vlm,19417750
lm,19460860
vlm,19460860
lm,19460896
vlm,19460896
lm,19467719
vlm,19467719
vlm,19467721
lm,19486581
vlm,19486581
lm,19515965
vlm,19515965
lm,19515968
vlm,19515968
lm,19605538
vlm,19605538
lm,19605540
vlm,19605540
lm,19605541
vlm,19605541
lm,19606671
vlm,19606671
lm,19606673
vlm,19606673
lm,19609308
vlm,19609308
lm,19638733
vlm,19638733
lm,19638734
vlm,19638734
lm,19638735
vlm,19638735
lm,19638737
vlm,19638737
lm,19669042
vlm,19669042
lm,19670726
vlm,19670726
lm,19670727
vlm,19670727
lm,19670729
vlm,19670729
lm,19685952
vlm,19685952
lm,19685996
vlm,19685996
lm,19685998
vlm,19685998
lm,19685999
vlm,19685999
lm,19693535
vlm,19693535
lm,19693538
vlm,19693538
vlm,19718107
lm,19718110
vlm,19718110
lm,19721138
vlm,19721138
lm,19735451
vlm,19735451
lm,19781074
vlm,19781074
lm,19781117
vlm,19781117
lm,19781118
vlm,19781118
lm,19781122
vlm,19781122
lm,19781935
vlm,19781935
lm,19781936
vlm,19781936
lm,19815837
vlm,19815837
lm,19815838
vlm,19815838
lm,19815840
vlm,19815840
lm,19840182
vlm,19840182
lm,19840185
vlm,19840185
lm,19929767
vlm,19929767
lm,19947217
vlm,19947217
lm,19947237
vlm,19947237
lm,19947240
vlm,19947240
lm,19947302
vlm,19947302
lm,19947305
vlm,19947305
lm,19947328
vlm,19947328
lm,19985459
vlm,19985459
vlm,19985461
lm,21010738
vlm,21010738
lm,21018874
vlm,21018874
lm,21018876
vlm,21018876
lm,21018888
vlm,21018888
lm,21028891
vlm,21028891
lm,31043569
vlm,31043569
lm,31043570
vlm,31043570
lm,31043572
vlm,31043572
lm,31066583
vlm,31066583
lm,41005749
vlm,41005749
lm,41018552
vlm,41018552
lm,41018554
vlm,41018554
lm,41018569
vlm,41018569
vlm,51033155
lm,51033156
vlm,51033156
lm,51042788
vlm,51042788
lm,51043214
vlm,51043214
vlm,51043216
lm,51043220
vlm,51043220
lm,51043221
vlm,51043221
lm,51043243
vlm,51043243
lm,61001364
vlm,61001364
lm,61008889
vlm,61008889
lm,61024742
vlm,61024742
lm,61024743
vlm,61024743
lm,71029257
vlm,71029257
lm,71029260
vlm,71029260
vlm,71035884
lm,71045318
vlm,71045318
lm,81013901
vlm,81013901
lm,81013904
vlm,81013904
lm,81022808
vlm,81022808
lm,81022810
vlm,81022810
lm,91001870
vlm,91001870
lm,91001871
vlm,91001871
lm,91001874
vlm,91001874
lm,91044313
vlm,91044313
lm,91048900
vlm,91048900
lm,91048921
vlm,91048921
lm,91048926
vlm,91048926
lm,91048927
vlm,91048927
lm,101005621
vlm,101005621
lm,101005623
vlm,101005623
lm,101005642
vlm,101005642
lm,101005645
vlm,101005645
lm,101035708
vlm,101035708
lm,101035709
vlm,101035709
lm,101035711
vlm,101035711
lm,101035712
vlm,101035712
lm,101036488
vlm,101036488
lm,101036504
vlm,101036504
lm,101036506
vlm,101036506
lm,101036507
vlm,101036507
lm,101041228
vlm,101041228
lm,101041263
vlm,101041263
lm,101041264
vlm,101041264
vlm,111015675
lm,121006296
vlm,121006296
lm,121006298
vlm,121006298
lm,121006351
vlm,121006351
lm,121044436
vlm,121044436
lm,121044437
vlm,121044437
lm,121052089
vlm,121052089
lm,131044727
vlm,131044727
lm,131055796
vlm,131055796
lm,131055856
vlm,131055856
lm,131055857
vlm,131055857
lm,141002311
vlm,141002311
lm,141002661
vlm,141002661
lm,141006577
vlm,141006577
lm,141006802
vlm,141006802
lm,141006864
vlm,141006864
lm,141014468
vlm,141014468
vlm,141014470
lm,141014508
vlm,141014508
lm,141014523
vlm,141014523
lm,141014524
vlm,141014524
lm,141036367
vlm,141036367
lm,161020590
vlm,161020590
lm,161020592
vlm,161020592
lm,161052332
vlm,161052332
lm,161060092
vlm,161060092
lm,171058307
vlm,171058307
lm,171058361
vlm,171058361
lm,171058382
vlm,171058382
lm,181041803
vlm,181041803
lm,181041806
vlm,181041806
lm,191005610
vlm,191005610
lm,191005612
vlm,191005612
lm,191005613
vlm,191005613
lm,191021415
vlm,191021415
lm,191021417
vlm,191021417
lm,191038665
vlm,191038665
lm,191042656
vlm,191042656
lm,191042657
lm,191042659
vlm,191042659
lm,191042660
vlm,191042660
