item,label,p_yes
1,Yes,0.9321621656417847
2,Yes,0.9475436210632324
3,Yes,0.9759122729301453
4,Yes,0.9711849093437195
5,Yes,0.9534728527069092
6,Yes,0.9724078178405762
7,Yes,0.9796193242073059
8,Yes,0.9734146595001221
9,Yes,0.8899074196815491
10,Yes,0.8987753391265869
11,Yes,0.8943027257919312
12,Yes,0.9084780812263489
13,Yes,0.9847089648246765
14,Yes,0.9460901618003845
15,Yes,0.9762521386146545
16,Yes,0.9619506001472473
17,Yes,0.9562050700187683
18,Yes,0.8761187791824341
19,Yes,0.8949165940284729
20,Yes,0.907908022403717
21,Yes,0.9525644779205322
22,Yes,0.922270655632019
23,Yes,0.9565730690956116
24,Yes,0.9519137144088745
25,Yes,0.9747150540351868
26,Yes,0.9605467319488525
27,Yes,0.9808707237243652
28,Yes,0.9777247905731201
29,Yes,0.9327128529548645
30,Yes,0.93876051902771
31,Yes,0.9309438467025757
32,Yes,0.9576676487922668
33,Yes,0.9555307626724243
34,Yes,0.9442800879478455
35,Yes,0.956821084022522
36,Yes,0.954256534576416
37,Yes,0.96544349193573
38,Yes,0.9379081130027771
39,Yes,0.9672870635986328
40,Yes,0.9569487571716309
41,Yes,0.9019001722335815
42,Yes,0.9353263974189758
43,Yes,0.9281212687492371
44,Yes,0.9454686641693115
45,Yes,0.8735755085945129
46,Yes,0.870874285697937
47,Yes,0.9059288501739502
48,Yes,0.8593673706054688
49,Yes,0.9386430978775024
50,Yes,0.9157223105430603
51,Yes,0.9462410807609558
52,Yes,0.9224404692649841
53,Yes,0.8951622843742371
54,Yes,0.8777826428413391
55,Yes,0.889384925365448
56,Yes,0.8865597248077393
57,Yes,0.9893139600753784
58,Yes,0.9861686825752258
59,Yes,0.9921897053718567
60,Yes,0.9803067445755005
61,Yes,0.9739556312561035
62,Yes,0.9853278398513794
63,Yes,0.985343337059021
64,Yes,0.9835560917854309
65,Yes,0.9881325960159302
66,Yes,0.9911679029464722
67,Yes,0.9921622276306152
68,Yes,0.9872301816940308
69,Yes,0.9720907211303711
70,Yes,0.9167261719703674
71,Yes,0.9677748084068298
72,Yes,0.9470006823539734
73,Yes,0.9904075860977173
74,Yes,0.9833048582077026
75,Yes,0.9866815209388733
76,Yes,0.985618531703949
77,Yes,0.9864166975021362
78,Yes,0.9677498936653137
79,Yes,0.9673844575881958
80,Yes,0.9442780017852783
81,Yes,0.9868229627609253
82,Yes,0.9824749231338501
83,Yes,0.9602882862091064
84,Yes,0.9455963969230652
85,Yes,0.9379147887229919
86,Yes,0.9245244860649109
87,Yes,0.9580956101417542
88,Yes,0.958248496055603
89,Yes,0.9334901571273804
90,Yes,0.8931596875190735
91,Yes,0.9366462826728821
92,Yes,0.9152350425720215
93,Yes,0.8953248858451843
94,Yes,0.9220827221870422
95,Yes,0.911771297454834
96,Yes,0.935157299041748
97,Yes,0.9473028182983398
98,Yes,0.9328969120979309
99,Yes,0.9446143507957458
100,Yes,0.9446157217025757
101,Yes,0.9796683192253113
102,Yes,0.9742422103881836
103,Yes,0.9868890643119812
104,Yes,0.9804218411445618
105,Yes,0.7950750589370728
106,Yes,0.8492094874382019
107,Yes,0.8727049827575684
108,Yes,0.9082620143890381
109,Yes,0.8045486211776733
110,Yes,0.823388934135437
111,Yes,0.8609338998794556
112,Yes,0.8794366121292114
113,Yes,0.9764015674591064
114,Yes,0.964677095413208
115,Yes,0.9781441688537598
116,Yes,0.9770321846008301
117,Yes,0.9124113321304321
118,Yes,0.9424943923950195
119,Yes,0.9252889752388
120,Yes,0.9550295472145081
121,Yes,0.9429349899291992
122,Yes,0.9195188283920288
123,Yes,0.9554964900016785
124,Yes,0.954852819442749
125,Yes,0.9776506423950195
126,Yes,0.9530311822891235
127,Yes,0.9722109436988831
128,Yes,0.963574230670929
129,Yes,0.929085910320282
130,Yes,0.9216086268424988
131,Yes,0.9477851986885071
132,Yes,0.9130892157554626
133,Yes,0.9031803011894226
134,Yes,0.9057276248931885
135,Yes,0.9208557605743408
136,Yes,0.8841332197189331
137,Yes,0.9382327198982239
138,Yes,0.8952673673629761
139,Yes,0.9757431149482727
140,Yes,0.9427376389503479
141,Yes,0.9274311065673828
142,Yes,0.9269708395004272
143,Yes,0.9590357542037964
144,Yes,0.954164981842041
145,Yes,0.9551963210105896
146,Yes,0.9315202832221985
147,Yes,0.9717511534690857
148,Yes,0.9569578170776367
149,Yes,0.9692509770393372
150,Yes,0.9527593851089478
151,Yes,0.9789762496948242
152,Yes,0.9620779752731323
153,Yes,0.9288269281387329
154,Yes,0.9452027678489685
155,Yes,0.9670961499214172
156,Yes,0.9694998264312744
157,Yes,0.9695947170257568
158,Yes,0.9615186452865601
159,Yes,0.9864737391471863
160,Yes,0.9720531702041626
161,Yes,0.9735031127929688
162,Yes,0.9741606712341309
163,Yes,0.9854845404624939
164,Yes,0.9761764407157898
165,Yes,0.8669431209564209
166,Yes,0.7923431992530823
167,Yes,0.9358025789260864
168,Yes,0.8601974248886108
169,Yes,0.9209093451499939
170,Yes,0.8484898209571838
171,Yes,0.9175489544868469
172,Yes,0.8823790550231934
173,Yes,0.895274817943573
174,Yes,0.8975837230682373
175,Yes,0.8960655927658081
176,Yes,0.9097694754600525
177,Yes,0.9446996450424194
178,Yes,0.9117005467414856
179,Yes,0.9376423954963684
180,Yes,0.9274095296859741
181,Yes,0.9684107303619385
182,Yes,0.964885413646698
183,Yes,0.9897063970565796
184,Yes,0.9750576615333557
185,Yes,0.9685840606689453
186,Yes,0.9675536751747131
187,Yes,0.9825043082237244
188,Yes,0.9802173972129822
189,Yes,0.9743703603744507
190,Yes,0.9742344617843628
191,Yes,0.9912130236625671
192,Yes,0.9832534193992615
193,Yes,0.884783148765564
194,Yes,0.8436180353164673
195,Yes,0.9395357966423035
196,Yes,0.9141690135002136
197,Yes,0.9181928634643555
198,Yes,0.8988866806030273
199,Yes,0.9422094225883484
200,Yes,0.9406503438949585
201,Yes,0.9139681458473206
202,Yes,0.8889805674552917
203,Yes,0.9186440110206604
204,Yes,0.9229118227958679
205,Yes,0.9369739294052124
206,Yes,0.8982139229774475
207,Yes,0.9494479298591614
208,Yes,0.9424809217453003
209,Yes,0.9641452431678772
210,Yes,0.9481533169746399
211,Yes,0.9820030927658081
212,Yes,0.965877115726471
213,Yes,0.88591468334198
214,Yes,0.8919588923454285
215,Yes,0.9229946136474609
216,Yes,0.9337021112442017
217,Yes,0.9427778720855713
218,Yes,0.8926889896392822
219,Yes,0.9239115118980408
220,Yes,0.9061412215232849
221,Yes,0.9121543765068054
222,Yes,0.9326493740081787
223,Yes,0.9246171116828918
224,Yes,0.9137869477272034
225,Yes,0.8482816219329834
226,Yes,0.8482789397239685
227,Yes,0.880532443523407
228,Yes,0.8934381008148193
229,Yes,0.9555889964103699
230,Yes,0.9254228472709656
231,Yes,0.9746655821800232
232,Yes,0.9620426893234253
233,Yes,0.900803804397583
234,Yes,0.8690131306648254
235,Yes,0.930235743522644
236,Yes,0.9046857953071594
237,Yes,0.8316537737846375
238,Yes,0.7889854907989502
239,Yes,0.9050137996673584
240,Yes,0.8878060579299927
241,Yes,0.8588300347328186
242,Yes,0.8448744416236877
243,Yes,0.8886324763298035
244,Yes,0.8850445747375488
245,Yes,0.9839082360267639
246,Yes,0.9766699075698853
247,Yes,0.9841102361679077
248,Yes,0.9832314848899841
249,Yes,0.9806693196296692
250,Yes,0.9638130068778992
251,Yes,0.972811758518219
252,Yes,0.9697830080986023
253,Yes,0.9142014980316162
254,Yes,0.8238068222999573
255,Yes,0.8978886604309082
256,Yes,0.8675352334976196
257,Yes,0.8942815661430359
258,Yes,0.7921585440635681
259,Yes,0.8412967920303345
260,Yes,0.8578179478645325
261,Yes,0.9534795880317688
262,Yes,0.8917670249938965
263,Yes,0.9650760293006897
264,Yes,0.950340747833252
265,Yes,0.9177740216255188
266,Yes,0.8271612524986267
267,Yes,0.9041377305984497
268,Yes,0.8801566958427429
269,Yes,0.8886377215385437
270,Yes,0.8490444421768188
271,Yes,0.9272765517234802
272,Yes,0.9018626809120178
273,Yes,0.8863778114318848
274,Yes,0.8248770236968994
275,Yes,0.874734103679657
276,Yes,0.8682252764701843
277,Yes,0.9496078491210938
278,Yes,0.9198749661445618
279,Yes,0.9719330072402954
280,Yes,0.9477558135986328
281,Yes,0.9724842309951782
282,Yes,0.9441037774085999
283,Yes,0.9650635719299316
284,Yes,0.9543107748031616
285,Yes,0.8705576062202454
286,Yes,0.8715137243270874
287,Yes,0.9341791868209839
288,Yes,0.9220713376998901
289,Yes,0.9758596420288086
290,Yes,0.9685509204864502
291,Yes,0.9563282132148743
292,Yes,0.93812495470047
293,Yes,0.8755687475204468
294,Yes,0.8482755422592163
295,Yes,0.9058708548545837
296,Yes,0.8939653038978577
297,Yes,0.8978559970855713
298,Yes,0.9341809749603271
299,Yes,0.9385343790054321
300,Yes,0.9473821520805359
301,Yes,0.896945059299469
302,Yes,0.9161503911018372
303,Yes,0.9337354898452759
304,Yes,0.9303242564201355
305,Yes,0.9824100136756897
306,Yes,0.9658001661300659
307,Yes,0.9748019576072693
308,Yes,0.9802698493003845
309,Yes,0.9851832389831543
310,Yes,0.9556777477264404
311,Yes,0.9828654527664185
312,Yes,0.9778971076011658
313,Yes,0.9622009992599487
314,Yes,0.938219428062439
315,Yes,0.9725444912910461
316,Yes,0.9564506411552429
317,Yes,0.9153623580932617
318,Yes,0.9246271848678589
319,Yes,0.9558078646659851
320,Yes,0.9427120089530945
321,Yes,0.9162803888320923
322,Yes,0.939876914024353
323,Yes,0.953666627407074
324,Yes,0.9550849199295044
325,Yes,0.9753262996673584
326,Yes,0.9658658504486084
327,Yes,0.9787340760231018
328,Yes,0.9710498452186584
329,Yes,0.9453166723251343
330,Yes,0.9091610312461853
331,Yes,0.9509056210517883
332,Yes,0.9294971227645874
333,Yes,0.9239662289619446
334,Yes,0.9401785731315613
335,Yes,0.941227912902832
336,Yes,0.9513839483261108
337,Yes,0.959714412689209
338,Yes,0.9521989226341248
339,Yes,0.9617310762405396
340,Yes,0.9611192941665649
341,Yes,0.9003599882125854
342,Yes,0.8800677061080933
343,Yes,0.9516067504882812
344,Yes,0.9455257654190063
345,Yes,0.8887621760368347
346,Yes,0.9349241852760315
347,Yes,0.9472129344940186
348,Yes,0.9635239243507385
349,Yes,0.9617201685905457
350,Yes,0.9462700486183167
351,Yes,0.9744620323181152
352,Yes,0.9459488987922668
353,Yes,0.874750554561615
354,Yes,0.8755357265472412
355,Yes,0.9180383086204529
356,Yes,0.9123041033744812
357,Yes,0.8373959064483643
358,Yes,0.8532489538192749
359,Yes,0.9280306100845337
360,Yes,0.9088273048400879
361,Yes,0.960121214389801
362,Yes,0.9275460243225098
363,Yes,0.9440007209777832
364,Yes,0.9058071970939636
365,Yes,0.9757441282272339
366,Yes,0.9615387320518494
367,Yes,0.9423573613166809
368,Yes,0.919553279876709
369,Yes,0.9370814561843872
370,Yes,0.9082689881324768
371,Yes,0.9544689059257507
372,Yes,0.9480169415473938
373,Yes,0.9535483121871948
374,Yes,0.9392430782318115
375,Yes,0.9559351205825806
376,Yes,0.9546937942504883
377,Yes,0.9606872797012329
378,Yes,0.9362139701843262
379,Yes,0.942726731300354
380,Yes,0.9382868409156799
381,Yes,0.9699011445045471
382,Yes,0.9317886233329773
383,Yes,0.9689388275146484
384,Yes,0.9573958516120911
385,Yes,0.9321929812431335
386,Yes,0.8819588422775269
387,Yes,0.9275959134101868
388,Yes,0.9012452960014343
389,Yes,0.8754920363426208
390,Yes,0.8555158376693726
391,Yes,0.8849242925643921
392,Yes,0.8795949816703796
393,Yes,0.9154444932937622
394,Yes,0.894345223903656
395,Yes,0.9209873080253601
396,Yes,0.9083966016769409
397,Yes,0.9438762664794922
398,Yes,0.9420415163040161
399,Yes,0.9799099564552307
400,Yes,0.978610098361969
401,Yes,0.8557750582695007
402,Yes,0.9308037161827087
403,Yes,0.9277017116546631
404,Yes,0.9522156715393066
405,Yes,0.9649998545646667
406,Yes,0.9557172656059265
407,Yes,0.9762879014015198
408,Yes,0.9754543304443359
409,Yes,0.902755618095398
410,Yes,0.870539665222168
411,Yes,0.9415806531906128
412,Yes,0.9379092454910278
413,Yes,0.9105046391487122
414,Yes,0.9306153655052185
415,Yes,0.9504364132881165
416,Yes,0.9603276252746582
417,Yes,0.9597734808921814
418,Yes,0.9461596012115479
419,Yes,0.931386411190033
420,Yes,0.9200431704521179
421,Yes,0.9241443276405334
422,Yes,0.9374548196792603
423,Yes,0.9639812111854553
424,Yes,0.965029776096344
425,Yes,0.958844006061554
426,Yes,0.9682638645172119
427,Yes,0.9695466756820679
428,Yes,0.9614382386207581
429,Yes,0.8561063408851624
430,Yes,0.8355581164360046
431,Yes,0.8612642288208008
432,Yes,0.8625766634941101
433,Yes,0.9707485437393188
434,Yes,0.9490386843681335
435,Yes,0.976901650428772
436,Yes,0.9735821485519409
437,Yes,0.9702757000923157
438,Yes,0.9449649453163147
439,Yes,0.9704127311706543
440,Yes,0.9680455923080444
441,Yes,0.938386857509613
442,Yes,0.9376370906829834
443,Yes,0.9820124506950378
444,Yes,0.9564051032066345
445,Yes,0.9641770720481873
446,Yes,0.9646198153495789
447,Yes,0.9800065159797668
448,Yes,0.9713755249977112
449,Yes,0.8747908473014832
450,Yes,0.8787181377410889
451,Yes,0.9132087230682373
452,Yes,0.9125937819480896
453,Yes,0.9406479001045227
454,Yes,0.8928460478782654
455,Yes,0.949057936668396
456,Yes,0.9306944012641907
457,Yes,0.907554030418396
458,Yes,0.9056993126869202
459,Yes,0.9393953680992126
460,Yes,0.9226429462432861
461,Yes,0.9165101647377014
462,Yes,0.8740830421447754
463,Yes,0.9135788083076477
464,Yes,0.87483149766922
465,Yes,0.8497089743614197
466,Yes,0.8127486705780029
467,Yes,0.8608298897743225
468,Yes,0.8404850959777832
469,Yes,0.9321807622909546
470,Yes,0.8857918381690979
471,Yes,0.9484970569610596
472,Yes,0.9211524128913879
473,Yes,0.9584944844245911
474,Yes,0.9115369319915771
475,Yes,0.954957127571106
476,Yes,0.9387305974960327
477,Yes,0.9277587532997131
478,Yes,0.9321756362915039
479,Yes,0.9445425271987915
480,Yes,0.9502272605895996
481,Yes,0.9730888605117798
482,Yes,0.9386617541313171
483,Yes,0.9652385115623474
484,Yes,0.9557107090950012
485,Yes,0.9534468054771423
486,Yes,0.954052209854126
487,Yes,0.9480903744697571
488,Yes,0.9522107243537903
489,Yes,0.9486401081085205
490,Yes,0.9327694177627563
491,Yes,0.9441452026367188
492,Yes,0.9322233200073242
493,Yes,0.9233460426330566
494,Yes,0.9252941608428955
495,Yes,0.9508187174797058
496,Yes,0.935417115688324
497,Yes,0.9622358083724976
498,Yes,0.9232690930366516
499,Yes,0.9506787657737732
500,Yes,0.9124405980110168
501,Yes,0.9612914323806763
502,Yes,0.9570116400718689
503,Yes,0.9498296976089478
504,Yes,0.9300904273986816
505,Yes,0.9847402572631836
506,Yes,0.9728738069534302
507,Yes,0.9864203333854675
508,Yes,0.9861531257629395
509,Yes,0.9916223883628845
510,Yes,0.9560185670852661
511,Yes,0.9845594167709351
512,Yes,0.9732879996299744
513,Yes,0.9826514720916748
514,Yes,0.9572986960411072
515,Yes,0.9793734550476074
516,Yes,0.9782007932662964
517,Yes,0.9916661381721497
518,Yes,0.9539350867271423
519,Yes,0.9794359803199768
520,Yes,0.973379909992218
521,Yes,0.9555308222770691
522,Yes,0.9458905458450317
523,Yes,0.9375883340835571
524,Yes,0.9123425483703613
525,Yes,0.9411302208900452
526,Yes,0.9552825689315796
527,Yes,0.9757842421531677
528,Yes,0.9725078344345093
529,Yes,0.9780287742614746
530,Yes,0.966075599193573
531,Yes,0.9895720481872559
532,Yes,0.9724939465522766
533,Yes,0.9801009893417358
534,Yes,0.9786898493766785
535,Yes,0.9870287179946899
536,Yes,0.9815086722373962
537,Yes,0.9624325633049011
538,Yes,0.9548760652542114
539,Yes,0.9702034592628479
540,Yes,0.9710556268692017
541,Yes,0.9716737270355225
542,Yes,0.9543765187263489
543,Yes,0.9759063124656677
544,Yes,0.9736002683639526
545,Yes,0.8959346413612366
546,Yes,0.8597811460494995
547,Yes,0.9263463020324707
548,Yes,0.9039697647094727
549,Yes,0.9325584173202515
550,Yes,0.9282903075218201
551,Yes,0.9472993016242981
552,Yes,0.9321222901344299
553,Yes,0.9574348330497742
554,Yes,0.9058927297592163
555,Yes,0.9597691297531128
556,Yes,0.9417585730552673
557,Yes,0.9751180410385132
558,Yes,0.9522058963775635
559,Yes,0.9789270162582397
560,Yes,0.9672136306762695
561,Yes,0.9662917852401733
562,Yes,0.9418690800666809
563,Yes,0.9674755930900574
564,Yes,0.9585842490196228
565,Yes,0.9149848222732544
566,Yes,0.9135600328445435
567,Yes,0.8966720700263977
568,Yes,0.9207262396812439
569,Yes,0.9467635750770569
570,Yes,0.9544697999954224
571,Yes,0.9605996608734131
572,Yes,0.9534725546836853
573,Yes,0.8676871061325073
574,Yes,0.8456727862358093
575,Yes,0.9272867441177368
576,Yes,0.9061984419822693
577,Yes,0.9323261380195618
578,Yes,0.9115906953811646
579,Yes,0.9595963358879089
580,Yes,0.9408293962478638
581,Yes,0.8951369524002075
582,Yes,0.8997413516044617
583,Yes,0.9100527167320251
584,Yes,0.9183119535446167
585,Yes,0.8474690318107605
586,Yes,0.8472391963005066
587,Yes,0.8924384713172913
588,Yes,0.8821287155151367
589,Yes,0.8893848657608032
590,Yes,0.8538749814033508
591,Yes,0.9088700413703918
592,Yes,0.8810302019119263
593,Yes,0.9574724435806274
594,Yes,0.9582146406173706
595,Yes,0.9607647061347961
596,Yes,0.9492664337158203
597,Yes,0.8731932044029236
598,Yes,0.8478209972381592
599,Yes,0.8406423926353455
600,Yes,0.8383928537368774
601,Yes,0.9176051020622253
602,Yes,0.8937108516693115
603,Yes,0.9341326951980591
604,Yes,0.9179784655570984
605,Yes,0.9289951324462891
606,Yes,0.9404921531677246
607,Yes,0.9593315124511719
608,Yes,0.958268940448761
609,Yes,0.930013120174408
610,Yes,0.9157882332801819
611,Yes,0.9135936498641968
612,Yes,0.8983402848243713
613,Yes,0.98408442735672
614,Yes,0.9692732095718384
615,Yes,0.9777868390083313
616,Yes,0.9761112928390503
617,Yes,0.9479560852050781
618,Yes,0.8885294795036316
619,Yes,0.9212840795516968
620,Yes,0.9049431085586548
621,Yes,0.9193335771560669
622,Yes,0.9065777063369751
623,Yes,0.9011619687080383
624,Yes,0.9168988466262817
625,Yes,0.9611510634422302
626,Yes,0.9398665428161621
627,Yes,0.9437829256057739
628,Yes,0.9458060264587402
629,Yes,0.9359724521636963
630,Yes,0.7705348134040833
631,Yes,0.9244770407676697
632,Yes,0.831224262714386
633,Yes,0.9560340046882629
634,Yes,0.9297598004341125
635,Yes,0.9304525256156921
636,Yes,0.9045755863189697
637,Yes,0.9340770244598389
638,Yes,0.8988513946533203
639,Yes,0.965025782585144
640,Yes,0.9482399225234985
641,Yes,0.8823996782302856
642,Yes,0.8210468888282776
643,Yes,0.8890056610107422
644,Yes,0.8601693511009216
645,Yes,0.9785788655281067
646,Yes,0.9647712707519531
647,Yes,0.9832120537757874
648,Yes,0.9813314080238342
649,Yes,0.9439664483070374
650,Yes,0.8947455286979675
651,Yes,0.9310079216957092
652,Yes,0.9253175258636475
653,Yes,0.9677823185920715
654,Yes,0.9538256525993347
655,Yes,0.9712606072425842
656,Yes,0.9693639278411865
657,Yes,0.8630111217498779
658,Yes,0.8556937575340271
659,Yes,0.9546337723731995
660,Yes,0.933193027973175
661,Yes,0.8229771852493286
662,Yes,0.7698060870170593
663,Yes,0.8313079476356506
664,Yes,0.8113365769386292
665,Yes,0.9178740978240967
666,Yes,0.9230666160583496
667,Yes,0.9745689630508423
668,Yes,0.9521974921226501
669,Yes,0.9403900504112244
670,Yes,0.8951396346092224
671,Yes,0.941684365272522
672,Yes,0.913658857345581
673,Yes,0.9295673966407776
674,Yes,0.9266773462295532
675,Yes,0.928043782711029
676,Yes,0.9337643980979919
677,Yes,0.9591674208641052
678,Yes,0.9453491568565369
679,Yes,0.9542285799980164
680,Yes,0.9501887559890747
681,Yes,0.9629566669464111
682,Yes,0.9664732217788696
683,Yes,0.9797876477241516
684,Yes,0.9760067462921143
685,Yes,0.9755246639251709
686,Yes,0.9564810991287231
687,Yes,0.9858011603355408
688,Yes,0.9698479771614075
689,Yes,0.9666040539741516
690,Yes,0.9568251371383667
691,Yes,0.9755181074142456
692,Yes,0.9717721343040466
693,Yes,0.9835752844810486
694,Yes,0.9735990762710571
695,Yes,0.9859117269515991
696,Yes,0.9767645001411438
697,Yes,0.8955695033073425
698,Yes,0.9035080075263977
699,Yes,0.8959149122238159
700,Yes,0.9060972929000854
701,Yes,0.8327841758728027
702,Yes,0.8242414593696594
703,Yes,0.9161485433578491
704,Yes,0.9223635792732239
705,Yes,0.8506482839584351
706,Yes,0.82200688123703
707,Yes,0.8710470795631409
708,Yes,0.865232527256012
709,Yes,0.9345295429229736
710,Yes,0.8991802334785461
711,Yes,0.9567640423774719
712,Yes,0.9381231665611267
713,Yes,0.936244547367096
714,Yes,0.9266455173492432
715,Yes,0.9548907279968262
716,Yes,0.9568779468536377
717,Yes,0.9540119767189026
718,Yes,0.9498443007469177
719,Yes,0.9663203954696655
720,Yes,0.9656206369400024
721,Yes,0.9511678814888
722,Yes,0.9285289645195007
723,Yes,0.9710126519203186
724,Yes,0.9552041292190552
725,Yes,0.882444441318512
726,Yes,0.9152879118919373
727,Yes,0.9230507016181946
728,Yes,0.9318282604217529
729,Yes,0.9528388381004333
730,Yes,0.7655787467956543
731,Yes,0.929379403591156
732,Yes,0.78614342212677
733,Yes,0.9732527136802673
734,Yes,0.936412513256073
735,Yes,0.9231522083282471
736,Yes,0.8879415988922119
737,Yes,0.944316565990448
738,Yes,0.9556751251220703
739,Yes,0.9716406464576721
740,Yes,0.970097005367279
741,Yes,0.9241688847541809
742,Yes,0.9362223148345947
743,Yes,0.9734731912612915
744,Yes,0.9699900150299072
745,Yes,0.9905158281326294
746,Yes,0.9771374464035034
747,Yes,0.9925897717475891
748,Yes,0.9848306775093079
749,Yes,0.9549005627632141
750,Yes,0.9556249380111694
751,Yes,0.9692689776420593
752,Yes,0.9648531675338745
753,Yes,0.9652512073516846
754,Yes,0.969337522983551
755,Yes,0.9740526676177979
756,Yes,0.9764736890792847
757,Yes,0.9883903861045837
758,Yes,0.981590986251831
759,Yes,0.9880418181419373
760,Yes,0.9824593663215637
761,Yes,0.9189120531082153
762,Yes,0.9077348113059998
763,Yes,0.928650975227356
764,Yes,0.9149512648582458
765,Yes,0.8806261420249939
766,Yes,0.9238365292549133
767,Yes,0.9140763282775879
768,Yes,0.9299394488334656
769,Yes,0.9454242587089539
770,Yes,0.9419606328010559
771,Yes,0.950217604637146
772,Yes,0.9483000040054321
773,Yes,0.9533888697624207
774,Yes,0.9224437475204468
775,Yes,0.9661222100257874
776,Yes,0.948551595211029
777,Yes,0.9284977912902832
778,Yes,0.9260982275009155
779,Yes,0.9373406767845154
780,Yes,0.9435701966285706
781,Yes,0.931936502456665
782,Yes,0.899145781993866
783,Yes,0.9387320876121521
784,Yes,0.9232761263847351
785,Yes,0.9634507298469543
786,Yes,0.9430407285690308
787,Yes,0.9794692397117615
788,Yes,0.9595710039138794
789,Yes,0.9770495295524597
790,Yes,0.9380841255187988
791,Yes,0.973814070224762
792,Yes,0.9629543423652649
793,Yes,0.9248965978622437
794,Yes,0.91112220287323
795,Yes,0.9636776447296143
796,Yes,0.9502397775650024
797,Yes,0.8534955978393555
798,Yes,0.8448869585990906
799,Yes,0.9123530387878418
800,Yes,0.8707295656204224
801,Yes,0.8264984488487244
802,Yes,0.6730075478553772
803,Yes,0.9011464715003967
804,Yes,0.8478907346725464
805,Yes,0.9660313725471497
806,Yes,0.9308049082756042
807,Yes,0.9581029415130615
808,Yes,0.9508427381515503
809,Yes,0.8967604637145996
810,Yes,0.8813928365707397
811,Yes,0.8445025086402893
812,Yes,0.894987165927887
813,Yes,0.9680781364440918
814,Yes,0.8691694140434265
815,Yes,0.9348030090332031
816,Yes,0.9183387756347656
817,Yes,0.952216386795044
818,Yes,0.8950235247612
819,Yes,0.9138447046279907
820,Yes,0.9343996644020081
821,Yes,0.9827038645744324
822,Yes,0.9395427703857422
823,Yes,0.9602009057998657
824,Yes,0.9579921364784241
825,Yes,0.9204526543617249
826,Yes,0.9104837775230408
827,Yes,0.9595620036125183
828,Yes,0.9410592913627625
829,Yes,0.9821897149085999
830,Yes,0.9509211182594299
831,Yes,0.977504312992096
832,Yes,0.9740577340126038
833,Yes,0.8961722254753113
834,Yes,0.8959558606147766
835,Yes,0.9189205765724182
836,Yes,0.9439070820808411
837,Yes,0.8625811338424683
838,Yes,0.8619502782821655
839,Yes,0.8983891010284424
840,Yes,0.9125698804855347
841,Yes,0.9546560645103455
842,Yes,0.8426129817962646
843,Yes,0.9201754927635193
844,Yes,0.8781863451004028
845,Yes,0.9874485731124878
846,Yes,0.9194145202636719
847,Yes,0.9629362225532532
848,Yes,0.9597599506378174
849,Yes,0.7792207598686218
850,Yes,0.8617475628852844
851,Yes,0.8804095983505249
852,Yes,0.8957583904266357
853,Yes,0.910487949848175
854,Yes,0.9050871133804321
855,Yes,0.9627813100814819
856,Yes,0.9446769952774048
857,Yes,0.8221122622489929
858,Yes,0.8621929287910461
859,Yes,0.9035571813583374
860,Yes,0.8886699676513672
861,Yes,0.9358037710189819
862,Yes,0.9010325074195862
863,Yes,0.9407651424407959
864,Yes,0.9284822344779968
865,Yes,0.9151634573936462
866,Yes,0.8799805045127869
867,Yes,0.9124285578727722
868,Yes,0.8891373872756958
869,Yes,0.9751425981521606
870,Yes,0.9680860638618469
871,Yes,0.972886323928833
872,Yes,0.9687413573265076
873,Yes,0.9535836577415466
874,Yes,0.9418530464172363
875,Yes,0.9505585432052612
876,Yes,0.9396913647651672
877,Yes,0.8962324857711792
878,Yes,0.8458695411682129
879,Yes,0.8656815886497498
880,Yes,0.8591486811637878
881,Yes,0.9515056610107422
882,Yes,0.9423952698707581
883,Yes,0.9782683253288269
884,Yes,0.9652883410453796
885,Yes,0.8935551047325134
886,Yes,0.8662974834442139
887,Yes,0.8659873604774475
888,Yes,0.9056944847106934
889,Yes,0.813086211681366
890,Yes,0.8451114892959595
891,Yes,0.8756115436553955
892,Yes,0.8888136148452759
893,Yes,0.9349555969238281
894,Yes,0.8972464203834534
895,Yes,0.9668970704078674
896,Yes,0.9525514245033264
897,Yes,0.8577026724815369
898,Yes,0.8083093166351318
899,Yes,0.90336012840271
900,Yes,0.8686510324478149
901,Yes,0.8914477229118347
902,Yes,0.9032166004180908
903,Yes,0.9695636034011841
904,Yes,0.9461493492126465
905,Yes,0.9109858274459839
906,Yes,0.8627047538757324
907,Yes,0.9298009276390076
908,Yes,0.9067571759223938
909,Yes,0.923224687576294
910,Yes,0.9170598387718201
911,Yes,0.9398695230484009
912,Yes,0.941223680973053
913,Yes,0.9537923336029053
914,Yes,0.9324087500572205
915,Yes,0.9574226140975952
916,Yes,0.9513855576515198
917,Yes,0.8946192860603333
918,Yes,0.8725090026855469
919,Yes,0.8891642093658447
920,Yes,0.9048831462860107
921,Yes,0.9482552409172058
922,Yes,0.9170573949813843
923,Yes,0.9718494415283203
924,Yes,0.9596788883209229
925,Yes,0.9050979614257812
926,Yes,0.886590301990509
927,Yes,0.9245288372039795
928,Yes,0.9168643951416016
929,Yes,0.9696391820907593
930,Yes,0.9484213590621948
931,Yes,0.964033305644989
932,Yes,0.9664525985717773
933,Yes,0.9798189401626587
934,Yes,0.9592636227607727
935,Yes,0.9713128805160522
936,Yes,0.9709277749061584
937,Yes,0.9107086062431335
938,Yes,0.869144856929779
939,Yes,0.9315900802612305
940,Yes,0.9224026203155518
941,Yes,0.9483081102371216
942,Yes,0.9295214414596558
943,Yes,0.9343158006668091
944,Yes,0.9313393831253052
945,Yes,0.9416521787643433
946,Yes,0.9287122488021851
947,Yes,0.9610021114349365
948,Yes,0.95655357837677
949,Yes,0.932180643081665
950,Yes,0.963398814201355
951,Yes,0.9651510119438171
952,Yes,0.9752010703086853
953,Yes,0.9853450655937195
954,Yes,0.9820380210876465
955,Yes,0.9859268665313721
956,Yes,0.986784815788269
957,Yes,0.9873839616775513
958,Yes,0.9810312986373901
959,Yes,0.9856552481651306
960,Yes,0.9855345487594604
961,Yes,0.9169520139694214
962,Yes,0.9722691774368286
963,Yes,0.9747487306594849
964,Yes,0.9763433337211609
965,Yes,0.9297780990600586
966,Yes,0.9698832631111145
967,Yes,0.988157331943512
968,Yes,0.9747547507286072
969,Yes,0.9428410530090332
970,Yes,0.9777188897132874
971,Yes,0.9888854026794434
972,Yes,0.9813160300254822
973,Yes,0.9005486965179443
974,Yes,0.8728527426719666
975,Yes,0.9472866654396057
976,Yes,0.9163666367530823
977,Yes,0.880271852016449
978,Yes,0.9117100834846497
979,Yes,0.9328336715698242
980,Yes,0.9382739663124084
981,Yes,0.9038594365119934
982,Yes,0.9279651641845703
983,Yes,0.9549861550331116
984,Yes,0.9481246471405029
985,Yes,0.9163272976875305
986,Yes,0.8670807480812073
987,Yes,0.926986038684845
988,Yes,0.9051345586776733
989,Yes,0.8571600317955017
990,Yes,0.8072411417961121
991,Yes,0.8603694438934326
992,Yes,0.8589954972267151
993,Yes,0.9237877130508423
994,Yes,0.912263035774231
995,Yes,0.91400146484375
996,Yes,0.8827625513076782
997,Yes,0.7414636611938477
998,Yes,0.8795817494392395
999,Yes,0.9456225037574768
1000,Yes,0.9303986430168152
1001,Yes,0.9277457594871521
1002,Yes,0.9335231184959412
1003,Yes,0.9656282663345337
1004,Yes,0.9663657546043396
1005,Yes,0.9344363808631897
1006,Yes,0.9363426566123962
1007,Yes,0.9212538599967957
1008,Yes,0.9137190580368042
1009,Yes,0.9180766344070435
1010,Yes,0.8808574676513672
1011,Yes,0.954741358757019
1012,Yes,0.9243659377098083
1013,Yes,0.9103235602378845
1014,Yes,0.8608818054199219
1015,Yes,0.9277786016464233
1016,Yes,0.8977952599525452
1017,Yes,0.877395510673523
1018,Yes,0.8870159387588501
1019,Yes,0.9028253555297852
1020,Yes,0.9169380068778992
1021,Yes,0.9406583309173584
1022,Yes,0.9094923734664917
1023,Yes,0.9381874799728394
1024,Yes,0.9369333386421204
1025,Yes,0.7646628618240356
1026,Yes,0.7771989703178406
1027,Yes,0.7632126808166504
1028,Yes,0.8453884124755859
1029,Yes,0.9019687175750732
1030,Yes,0.8391165137290955
1031,Yes,0.8971747756004333
1032,Yes,0.8577918410301208
1033,Yes,0.9504858255386353
1034,Yes,0.9171208143234253
1035,Yes,0.9579433798789978
1036,Yes,0.9542365670204163
1037,Yes,0.9770659804344177
1038,Yes,0.963018536567688
1039,Yes,0.9804855585098267
1040,Yes,0.9827324748039246
1041,Yes,0.9775975942611694
1042,Yes,0.9530990719795227
1043,Yes,0.9763234853744507
1044,Yes,0.9762467741966248
1045,Yes,0.8626348972320557
1046,Yes,0.8409520983695984
1047,Yes,0.9391548037528992
1048,Yes,0.9206031560897827
1049,Yes,0.9261817336082458
1050,Yes,0.9232051968574524
1051,Yes,0.9519708156585693
1052,Yes,0.9487795829772949
1053,Yes,0.9533588886260986
1054,Yes,0.9163193106651306
1055,Yes,0.9643589854240417
1056,Yes,0.950057327747345
1057,Yes,0.9777516722679138
1058,Yes,0.9778424501419067
1059,Yes,0.9882696866989136
1060,Yes,0.980834424495697
1061,Yes,0.8993622064590454
1062,Yes,0.9452146291732788
1063,Yes,0.9489285945892334
1064,Yes,0.9552856683731079
1065,Yes,0.9526286721229553
1066,Yes,0.9337584972381592
1067,Yes,0.9731064438819885
1068,Yes,0.9577858448028564
1069,Yes,0.9819081425666809
1070,Yes,0.9681427478790283
1071,Yes,0.9805530905723572
1072,Yes,0.9792781472206116
1073,Yes,0.921565055847168
1074,Yes,0.90541011095047
1075,Yes,0.9247636795043945
1076,Yes,0.9000687003135681
1077,Yes,0.9132283329963684
1078,Yes,0.8601821064949036
1079,Yes,0.926750123500824
1080,Yes,0.8579380512237549
1081,Yes,0.9224896430969238
1082,Yes,0.8832634091377258
1083,Yes,0.9248052835464478
1084,Yes,0.9054680466651917
1085,Yes,0.8933849930763245
1086,Yes,0.8966222405433655
1087,Yes,0.8916140198707581
1088,Yes,0.9115265607833862
1089,Yes,0.9389029145240784
1090,Yes,0.9257615208625793
1091,Yes,0.9433053731918335
1092,Yes,0.9366918206214905
1093,Yes,0.9534104466438293
1094,Yes,0.9688012003898621
1095,Yes,0.9477724432945251
1096,Yes,0.9393777847290039
1097,Yes,0.9471227526664734
1098,Yes,0.9616745710372925
1099,Yes,0.9703465700149536
1100,Yes,0.9616906046867371
1101,Yes,0.8885464072227478
1102,Yes,0.9048938751220703
1103,Yes,0.9286611080169678
1104,Yes,0.9254136085510254
